rA;Va;Vw
10;282,31;0,00
20;199,59;0,00
30;162,94;0,00
40;141,09;0,00
50;126,18;0,00
60;115,17;0,00
70;106,61;0,00
80;99,71;0,00
90;93,99;0,01
100;89,16;0,01
110;84,99;0,01
120;81,36;0,01
130;78,16;0,01
140;75,31;0,01
150;72,74;0,01
160;70,42;0,01
170;68,31;0,01
180;66,38;0,01
190;64,60;0,01
200;62,95;0,01
210;61,42;0,01
220;60,00;0,01
230;58,68;0,01
240;57,43;0,01
250;56,26;0,02
260;55,16;0,02
270;54,12;0,02
280;53,14;0,02
290;52,21;0,02
300;51,32;0,02
310;50,48;0,02
320;49,68;0,02
330;48,91;0,02
340;48,18;0,02
350;47,48;0,02
360;46,81;0,02
370;46,17;0,02
380;45,55;0,02
390;44,96;0,02
400;44,38;0,02
410;43,83;0,03
420;43,30;0,03
430;42,79;0,03
440;42,29;0,03
450;41,82;0,03
460;41,35;0,03
470;40,90;0,03
480;40,47;0,03
490;40,05;0,03
500;39,64;0,03
510;39,25;0,03
520;38,86;0,03
530;38,49;0,03
540;38,12;0,03
550;37,77;0,03
560;37,43;0,03
570;37,09;0,04
580;36,76;0,04
590;36,45;0,04
600;36,14;0,04
610;35,83;0,04
620;35,54;0,04
630;35,25;0,04
640;34,97;0,04
650;34,69;0,04
660;34,42;0,04
670;34,16;0,04
680;33,90;0,04
690;33,65;0,04
700;33,41;0,04
710;33,17;0,04
720;32,93;0,04
730;32,70;0,04
740;32,47;0,05
750;32,25;0,05
760;32,03;0,05
770;31,82;0,05
780;31,61;0,05
790;31,41;0,05
800;31,20;0,05
810;31,01;0,05
820;30,81;0,05
830;30,62;0,05
840;30,44;0,05
850;30,25;0,05
860;30,07;0,05
870;29,89;0,05
880;29,72;0,05
890;29,55;0,05
900;29,38;0,06
910;29,21;0,06
920;29,05;0,06
930;28,89;0,06
940;28,73;0,06
950;28,57;0,06
960;28,42;0,06
970;28,27;0,06
980;28,12;0,06
990;27,98;0,06
1000;27,83;0,06
1010;27,69;0,06
1020;27,55;0,06
1030;27,41;0,06
1040;27,27;0,06
1050;27,14;0,06
1060;27,01;0,07
1070;26,88;0,07
1080;26,75;0,07
1090;26,62;0,07
1100;26,50;0,07
1110;26,37;0,07
1120;26,25;0,07
1130;26,13;0,07
1140;26,01;0,07
1150;25,90;0,07
1160;25,78;0,07
1170;25,67;0,07
1180;25,56;0,07
1190;25,44;0,07
1200;25,33;0,07
1210;25,23;0,07
1220;25,12;0,07
1230;25,01;0,08
1240;24,91;0,08
1250;24,80;0,08
1260;24,70;0,08
1270;24,60;0,08
1280;24,50;0,08
1290;24,40;0,08
1300;24,31;0,08
1310;24,21;0,08
1320;24,11;0,08
1330;24,02;0,08
1340;23,93;0,08
1350;23,83;0,08
1360;23,74;0,08
1370;23,65;0,08
1380;23,56;0,08
1390;23,48;0,09
1400;23,39;0,09
1410;23,30;0,09
1420;23,22;0,09
1430;23,13;0,09
1440;23,05;0,09
1450;22,97;0,09
1460;22,88;0,09
1470;22,80;0,09
1480;22,72;0,09
1490;22,64;0,09
1500;22,56;0,09
1510;22,49;0,09
1520;22,41;0,09
1530;22,33;0,09
1540;22,26;0,09
1550;22,18;0,10
1560;22,11;0,10
1570;22,03;0,10
1580;21,96;0,10
1590;21,89;0,10
1600;21,82;0,10
1610;21,75;0,10
1620;21,68;0,10
1630;21,61;0,10
1640;21,54;0,10
1650;21,47;0,10
1660;21,40;0,10
1670;21,33;0,10
1680;21,27;0,10
1690;21,20;0,10
1700;21,14;0,10
1710;21,07;0,11
1720;21,01;0,11
1730;20,94;0,11
1740;20,88;0,11
1750;20,82;0,11
1760;20,76;0,11
1770;20,69;0,11
1780;20,63;0,11
1790;20,57;0,11
1800;20,51;0,11
1810;20,45;0,11
1820;20,39;0,11
1830;20,33;0,11
1840;20,28;0,11
1850;20,22;0,11
1860;20,16;0,11
1870;20,11;0,11
1880;20,05;0,12
1890;19,99;0,12
1900;19,94;0,12
1910;19,88;0,12
1920;19,83;0,12
1930;19,77;0,12
1940;19,72;0,12
1950;19,67;0,12
1960;19,61;0,12
1970;19,56;0,12
1980;19,51;0,12
1990;19,46;0,12
2000;19,41;0,12
2010;19,35;0,12
2020;19,30;0,12
2030;19,25;0,12
2040;19,20;0,13
2050;19,15;0,13
2060;19,11;0,13
2070;19,06;0,13
2080;19,01;0,13
2090;18,96;0,13
2100;18,91;0,13
2110;18,86;0,13
2120;18,82;0,13
2130;18,77;0,13
2140;18,72;0,13
2150;18,68;0,13
2160;18,63;0,13
2170;18,59;0,13
2180;18,54;0,13
2190;18,50;0,13
2200;18,45;0,14
2210;18,41;0,14
2220;18,36;0,14
2230;18,32;0,14
2240;18,28;0,14
2250;18,23;0,14
2260;18,19;0,14
2270;18,15;0,14
2280;18,11;0,14
2290;18,06;0,14
2300;18,02;0,14
2310;17,98;0,14
2320;17,94;0,14
2330;17,90;0,14
2340;17,86;0,14
2350;17,82;0,14
2360;17,78;0,15
2370;17,74;0,15
2380;17,70;0,15
2390;17,66;0,15
2400;17,62;0,15
2410;17,58;0,15
2420;17,54;0,15
2430;17,50;0,15
2440;17,46;0,15
2450;17,43;0,15
2460;17,39;0,15
2470;17,35;0,15
2480;17,31;0,15
2490;17,28;0,15
2500;17,24;0,15
2510;17,20;0,15
2520;17,17;0,15
2530;17,13;0,16
2540;17,09;0,16
2550;17,06;0,16
2560;17,02;0,16
2570;16,99;0,16
2580;16,95;0,16
2590;16,92;0,16
2600;16,88;0,16
2610;16,85;0,16
2620;16,81;0,16
2630;16,78;0,16
2640;16,74;0,16
2650;16,71;0,16
2660;16,68;0,16
2670;16,64;0,16
2680;16,61;0,16
2690;16,58;0,17
2700;16,54;0,17
2710;16,51;0,17
2720;16,48;0,17
2730;16,44;0,17
2740;16,41;0,17
2750;16,38;0,17
2760;16,35;0,17
2770;16,32;0,17
2780;16,29;0,17
2790;16,25;0,17
2800;16,22;0,17
2810;16,19;0,17
2820;16,16;0,17
2830;16,13;0,17
2840;16,10;0,17
2850;16,07;0,18
2860;16,04;0,18
2870;16,01;0,18
2880;15,98;0,18
2890;15,95;0,18
2900;15,92;0,18
2910;15,89;0,18
2920;15,86;0,18
2930;15,83;0,18
2940;15,80;0,18
2950;15,77;0,18
2960;15,74;0,18
2970;15,72;0,18
2980;15,69;0,18
2990;15,66;0,18
3000;15,63;0,18
3010;15,60;0,19
3020;15,57;0,19
3030;15,55;0,19
3040;15,52;0,19
3050;15,49;0,19
3060;15,46;0,19
3070;15,44;0,19
3080;15,41;0,19
3090;15,38;0,19
3100;15,36;0,19
3110;15,33;0,19
3120;15,30;0,19
3130;15,28;0,19
3140;15,25;0,19
3150;15,22;0,19
3160;15,20;0,19
3170;15,17;0,19
3180;15,14;0,20
3190;15,12;0,20
3200;15,09;0,20
3210;15,07;0,20
3220;15,04;0,20
3230;15,02;0,20
3240;14,99;0,20
3250;14,97;0,20
3260;14,94;0,20
3270;14,92;0,20
3280;14,89;0,20
3290;14,87;0,20
3300;14,84;0,20
3310;14,82;0,20
3320;14,79;0,20
3330;14,77;0,20
3340;14,75;0,21
3350;14,72;0,21
3360;14,70;0,21
3370;14,67;0,21
3380;14,65;0,21
3390;14,63;0,21
3400;14,60;0,21
3410;14,58;0,21
3420;14,56;0,21
3430;14,53;0,21
3440;14,51;0,21
3450;14,49;0,21
3460;14,47;0,21
3470;14,44;0,21
3480;14,42;0,21
3490;14,40;0,21
3500;14,37;0,22
3510;14,35;0,22
3520;14,33;0,22
3530;14,31;0,22
3540;14,29;0,22
3550;14,26;0,22
3560;14,24;0,22
3570;14,22;0,22
3580;14,20;0,22
3590;14,18;0,22
3600;14,15;0,22
3610;14,13;0,22
3620;14,11;0,22
3630;14,09;0,22
3640;14,07;0,22
3650;14,05;0,22
3660;14,03;0,22
3670;14,01;0,23
3680;13,99;0,23
3690;13,96;0,23
3700;13,94;0,23
3710;13,92;0,23
3720;13,90;0,23
3730;13,88;0,23
3740;13,86;0,23
3750;13,84;0,23
3760;13,82;0,23
3770;13,80;0,23
3780;13,78;0,23
3790;13,76;0,23
3800;13,74;0,23
3810;13,72;0,23
3820;13,70;0,23
3830;13,68;0,24
3840;13,66;0,24
3850;13,64;0,24
3860;13,62;0,24
3870;13,60;0,24
3880;13,58;0,24
3890;13,56;0,24
3900;13,55;0,24
3910;13,53;0,24
3920;13,51;0,24
3930;13,49;0,24
3940;13,47;0,24
3950;13,45;0,24
3960;13,43;0,24
3970;13,41;0,24
3980;13,39;0,24
3990;13,38;0,25
4000;13,36;0,25
4010;13,34;0,25
4020;13,32;0,25
4030;13,30;0,25
4040;13,28;0,25
4050;13,27;0,25
4060;13,25;0,25
4070;13,23;0,25
4080;13,21;0,25
4090;13,19;0,25
4100;13,18;0,25
4110;13,16;0,25
4120;13,14;0,25
4130;13,12;0,25
4140;13,11;0,25
4150;13,09;0,26
4160;13,07;0,26
4170;13,05;0,26
4180;13,04;0,26
4190;13,02;0,26
4200;13,00;0,26
4210;12,98;0,26
4220;12,97;0,26
4230;12,95;0,26
4240;12,93;0,26
4250;12,92;0,26
4260;12,90;0,26
4270;12,88;0,26
4280;12,87;0,26
4290;12,85;0,26
4300;12,83;0,26
4310;12,82;0,26
4320;12,80;0,27
4330;12,78;0,27
4340;12,77;0,27
4350;12,75;0,27
4360;12,73;0,27
4370;12,72;0,27
4380;12,70;0,27
4390;12,69;0,27
4400;12,67;0,27
4410;12,65;0,27
4420;12,64;0,27
4430;12,62;0,27
4440;12,61;0,27
4450;12,59;0,27
4460;12,57;0,27
4470;12,56;0,27
4480;12,54;0,28
4490;12,53;0,28
4500;12,51;0,28
4510;12,50;0,28
4520;12,48;0,28
4530;12,47;0,28
4540;12,45;0,28
4550;12,44;0,28
4560;12,42;0,28
4570;12,40;0,28
4580;12,39;0,28
4590;12,37;0,28
4600;12,36;0,28
4610;12,34;0,28
4620;12,33;0,28
4630;12,31;0,28
4640;12,30;0,29
4650;12,29;0,29
4660;12,27;0,29
4670;12,26;0,29
4680;12,24;0,29
4690;12,23;0,29
4700;12,21;0,29
4710;12,20;0,29
4720;12,18;0,29
4730;12,17;0,29
4740;12,15;0,29
4750;12,14;0,29
4760;12,13;0,29
4770;12,11;0,29
4780;12,10;0,29
4790;12,08;0,29
4800;12,07;0,30
4810;12,05;0,30
4820;12,04;0,30
4830;12,03;0,30
4840;12,01;0,30
4850;12,00;0,30
4860;11,98;0,30
4870;11,97;0,30
4880;11,96;0,30
4890;11,94;0,30
4900;11,93;0,30
4910;11,92;0,30
4920;11,90;0,30
4930;11,89;0,30
4940;11,87;0,30
4950;11,86;0,30
4960;11,85;0,30
4970;11,83;0,31
4980;11,82;0,31
4990;11,81;0,31
5000;11,79;0,31
5010;11,78;0,31
5020;11,77;0,31
5030;11,75;0,31
5040;11,74;0,31
5050;11,73;0,31
5060;11,72;0,31
5070;11,70;0,31
5080;11,69;0,31
5090;11,68;0,31
5100;11,66;0,31
5110;11,65;0,31
5120;11,64;0,31
5130;11,62;0,32
5140;11,61;0,32
5150;11,60;0,32
5160;11,59;0,32
5170;11,57;0,32
5180;11,56;0,32
5190;11,55;0,32
5200;11,54;0,32
5210;11,52;0,32
5220;11,51;0,32
5230;11,50;0,32
5240;11,49;0,32
5250;11,47;0,32
5260;11,46;0,32
5270;11,45;0,32
5280;11,44;0,32
5290;11,42;0,33
5300;11,41;0,33
5310;11,40;0,33
5320;11,39;0,33
5330;11,38;0,33
5340;11,36;0,33
5350;11,35;0,33
5360;11,34;0,33
5370;11,33;0,33
5380;11,32;0,33
5390;11,30;0,33
5400;11,29;0,33
5410;11,28;0,33
5420;11,27;0,33
5430;11,26;0,33
5440;11,24;0,33
5450;11,23;0,33
5460;11,22;0,34
5470;11,21;0,34
5480;11,20;0,34
5490;11,19;0,34
5500;11,17;0,34
5510;11,16;0,34
5520;11,15;0,34
5530;11,14;0,34
5540;11,13;0,34
5550;11,12;0,34
5560;11,11;0,34
5570;11,09;0,34
5580;11,08;0,34
5590;11,07;0,34
5600;11,06;0,34
5610;11,05;0,34
5620;11,04;0,35
5630;11,03;0,35
5640;11,02;0,35
5650;11,00;0,35
5660;10,99;0,35
5670;10,98;0,35
5680;10,97;0,35
5690;10,96;0,35
5700;10,95;0,35
5710;10,94;0,35
5720;10,93;0,35
5730;10,92;0,35
5740;10,91;0,35
5750;10,89;0,35
5760;10,88;0,35
5770;10,87;0,35
5780;10,86;0,36
5790;10,85;0,36
5800;10,84;0,36
5810;10,83;0,36
5820;10,82;0,36
5830;10,81;0,36
5840;10,80;0,36
5850;10,79;0,36
5860;10,78;0,36
5870;10,77;0,36
5880;10,76;0,36
5890;10,75;0,36
5900;10,74;0,36
5910;10,72;0,36
5920;10,71;0,36
5930;10,70;0,36
5940;10,69;0,37
5950;10,68;0,37
5960;10,67;0,37
5970;10,66;0,37
5980;10,65;0,37
5990;10,64;0,37
6000;10,63;0,37
6010;10,62;0,37
6020;10,61;0,37
6030;10,60;0,37
6040;10,59;0,37
6050;10,58;0,37
6060;10,57;0,37
6070;10,56;0,37
6080;10,55;0,37
6090;10,54;0,37
6100;10,53;0,37
6110;10,52;0,38
6120;10,51;0,38
6130;10,50;0,38
6140;10,49;0,38
6150;10,48;0,38
6160;10,47;0,38
6170;10,46;0,38
6180;10,45;0,38
6190;10,44;0,38
6200;10,43;0,38
6210;10,42;0,38
6220;10,41;0,38
6230;10,40;0,38
6240;10,39;0,38
6250;10,38;0,38
6260;10,38;0,38
6270;10,37;0,39
6280;10,36;0,39
6290;10,35;0,39
6300;10,34;0,39
6310;10,33;0,39
6320;10,32;0,39
6330;10,31;0,39
6340;10,30;0,39
6350;10,29;0,39
6360;10,28;0,39
6370;10,27;0,39
6380;10,26;0,39
6390;10,25;0,39
6400;10,24;0,39
6410;10,23;0,39
6420;10,22;0,39
6430;10,22;0,40
6440;10,21;0,40
6450;10,20;0,40
6460;10,19;0,40
6470;10,18;0,40
6480;10,17;0,40
6490;10,16;0,40
6500;10,15;0,40
6510;10,14;0,40
6520;10,13;0,40
6530;10,12;0,40
6540;10,12;0,40
6550;10,11;0,40
6560;10,10;0,40
6570;10,09;0,40
6580;10,08;0,40
6590;10,07;0,41
6600;10,06;0,41
6610;10,05;0,41
6620;10,04;0,41
6630;10,04;0,41
6640;10,03;0,41
6650;10,02;0,41
6660;10,01;0,41
6670;10,00;0,41
6680;9,99;0,41
6690;9,98;0,41
6700;9,97;0,41
6710;9,97;0,41
6720;9,96;0,41
6730;9,95;0,41
6740;9,94;0,41
6750;9,93;0,41
6760;9,92;0,42
6770;9,91;0,42
6780;9,91;0,42
6790;9,90;0,42
6800;9,89;0,42
6810;9,88;0,42
6820;9,87;0,42
6830;9,86;0,42
6840;9,86;0,42
6850;9,85;0,42
6860;9,84;0,42
6870;9,83;0,42
6880;9,82;0,42
6890;9,81;0,42
6900;9,81;0,42
6910;9,80;0,42
6920;9,79;0,43
6930;9,78;0,43
6940;9,77;0,43
6950;9,76;0,43
6960;9,76;0,43
6970;9,75;0,43
6980;9,74;0,43
6990;9,73;0,43
7000;9,72;0,43
7010;9,71;0,43
7020;9,71;0,43
7030;9,70;0,43
7040;9,69;0,43
7050;9,68;0,43
7060;9,67;0,43
7070;9,67;0,43
7080;9,66;0,44
7090;9,65;0,44
7100;9,64;0,44
7110;9,63;0,44
7120;9,63;0,44
7130;9,62;0,44
7140;9,61;0,44
7150;9,60;0,44
7160;9,60;0,44
7170;9,59;0,44
7180;9,58;0,44
7190;9,57;0,44
7200;9,56;0,44
7210;9,56;0,44
7220;9,55;0,44
7230;9,54;0,44
7240;9,53;0,45
7250;9,53;0,45
7260;9,52;0,45
7270;9,51;0,45
7280;9,50;0,45
7290;9,49;0,45
7300;9,49;0,45
7310;9,48;0,45
7320;9,47;0,45
7330;9,46;0,45
7340;9,46;0,45
7350;9,45;0,45
7360;9,44;0,45
7370;9,43;0,45
7380;9,43;0,45
7390;9,42;0,45
7400;9,41;0,45
7410;9,40;0,46
7420;9,40;0,46
7430;9,39;0,46
7440;9,38;0,46
7450;9,37;0,46
7460;9,37;0,46
7470;9,36;0,46
7480;9,35;0,46
7490;9,34;0,46
7500;9,34;0,46
7510;9,33;0,46
7520;9,32;0,46
7530;9,31;0,46
7540;9,31;0,46
7550;9,30;0,46
7560;9,29;0,46
7570;9,29;0,47
7580;9,28;0,47
7590;9,27;0,47
7600;9,26;0,47
7610;9,26;0,47
7620;9,25;0,47
7630;9,24;0,47
7640;9,24;0,47
7650;9,23;0,47
7660;9,22;0,47
7670;9,21;0,47
7680;9,21;0,47
7690;9,20;0,47
7700;9,19;0,47
7710;9,19;0,47
7720;9,18;0,47
7730;9,17;0,48
7740;9,16;0,48
7750;9,16;0,48
7760;9,15;0,48
7770;9,14;0,48
7780;9,14;0,48
7790;9,13;0,48
7800;9,12;0,48
7810;9,12;0,48
7820;9,11;0,48
7830;9,10;0,48
7840;9,10;0,48
7850;9,09;0,48
7860;9,08;0,48
7870;9,07;0,48
7880;9,07;0,48
7890;9,06;0,48
7900;9,05;0,49
7910;9,05;0,49
7920;9,04;0,49
7930;9,03;0,49
7940;9,03;0,49
7950;9,02;0,49
7960;9,01;0,49
7970;9,01;0,49
7980;9,00;0,49
7990;8,99;0,49
8000;8,99;0,49
8010;8,98;0,49
8020;8,97;0,49
8030;8,97;0,49
8040;8,96;0,49
8050;8,95;0,49
8060;8,95;0,50
8070;8,94;0,50
8080;8,93;0,50
8090;8,93;0,50
8100;8,92;0,50
8110;8,91;0,50
8120;8,91;0,50
8130;8,90;0,50
8140;8,89;0,50
8150;8,89;0,50
8160;8,88;0,50
8170;8,87;0,50
8180;8,87;0,50
8190;8,86;0,50
8200;8,86;0,50
8210;8,85;0,50
8220;8,84;0,51
8230;8,84;0,51
8240;8,83;0,51
8250;8,82;0,51
8260;8,82;0,51
8270;8,81;0,51
8280;8,80;0,51
8290;8,80;0,51
8300;8,79;0,51
8310;8,79;0,51
8320;8,78;0,51
8330;8,77;0,51
8340;8,77;0,51
8350;8,76;0,51
8360;8,75;0,51
8370;8,75;0,51
8380;8,74;0,52
8390;8,74;0,52
8400;8,73;0,52
8410;8,72;0,52
8420;8,72;0,52
8430;8,71;0,52
8440;8,70;0,52
8450;8,70;0,52
8460;8,69;0,52
8470;8,69;0,52
8480;8,68;0,52
8490;8,67;0,52
8500;8,67;0,52
8510;8,66;0,52
8520;8,65;0,52
8530;8,65;0,52
8540;8,64;0,52
8550;8,64;0,53
8560;8,63;0,53
8570;8,62;0,53
8580;8,62;0,53
8590;8,61;0,53
8600;8,61;0,53
8610;8,60;0,53
8620;8,59;0,53
8630;8,59;0,53
8640;8,58;0,53
8650;8,58;0,53
8660;8,57;0,53
8670;8,56;0,53
8680;8,56;0,53
8690;8,55;0,53
8700;8,55;0,53
8710;8,54;0,54
8720;8,54;0,54
8730;8,53;0,54
8740;8,52;0,54
8750;8,52;0,54
8760;8,51;0,54
8770;8,51;0,54
8780;8,50;0,54
8790;8,49;0,54
8800;8,49;0,54
8810;8,48;0,54
8820;8,48;0,54
8830;8,47;0,54
8840;8,47;0,54
8850;8,46;0,54
8860;8,45;0,54
8870;8,45;0,55
8880;8,44;0,55
8890;8,44;0,55
8900;8,43;0,55
8910;8,43;0,55
8920;8,42;0,55
8930;8,41;0,55
8940;8,41;0,55
8950;8,40;0,55
8960;8,40;0,55
8970;8,39;0,55
8980;8,39;0,55
8990;8,38;0,55
9000;8,37;0,55
9010;8,37;0,55
9020;8,36;0,55
9030;8,36;0,56
9040;8,35;0,56
9050;8,35;0,56
9060;8,34;0,56
9070;8,33;0,56
9080;8,33;0,56
9090;8,32;0,56
9100;8,32;0,56
9110;8,31;0,56
9120;8,31;0,56
9130;8,30;0,56
9140;8,30;0,56
9150;8,29;0,56
9160;8,29;0,56
9170;8,28;0,56
9180;8,27;0,56
9190;8,27;0,56
9200;8,26;0,57
9210;8,26;0,57
9220;8,25;0,57
9230;8,25;0,57
9240;8,24;0,57
9250;8,24;0,57
9260;8,23;0,57
9270;8,23;0,57
9280;8,22;0,57
9290;8,21;0,57
9300;8,21;0,57
9310;8,20;0,57
9320;8,20;0,57
9330;8,19;0,57
9340;8,19;0,57
9350;8,18;0,57
9360;8,18;0,58
9370;8,17;0,58
9380;8,17;0,58
9390;8,16;0,58
9400;8,16;0,58
9410;8,15;0,58
9420;8,15;0,58
9430;8,14;0,58
9440;8,14;0,58
9450;8,13;0,58
9460;8,12;0,58
9470;8,12;0,58
9480;8,11;0,58
9490;8,11;0,58
9500;8,10;0,58
9510;8,10;0,58
9520;8,09;0,59
9530;8,09;0,59
9540;8,08;0,59
9550;8,08;0,59
9560;8,07;0,59
9570;8,07;0,59
9580;8,06;0,59
9590;8,06;0,59
9600;8,05;0,59
9610;8,05;0,59
9620;8,04;0,59
9630;8,04;0,59
9640;8,03;0,59
9650;8,03;0,59
9660;8,02;0,59
9670;8,02;0,59
9680;8,01;0,59
9690;8,01;0,60
9700;8,00;0,60
9710;8,00;0,60
9720;7,99;0,60
9730;7,99;0,60
9740;7,98;0,60
9750;7,98;0,60
9760;7,97;0,60
9770;7,97;0,60
9780;7,96;0,60
9790;7,96;0,60
9800;7,95;0,60
9810;7,95;0,60
9820;7,94;0,60
9830;7,94;0,60
9840;7,93;0,60
9850;7,93;0,61
9860;7,92;0,61
9870;7,92;0,61
9880;7,91;0,61
9890;7,91;0,61
9900;7,90;0,61
9910;7,90;0,61
9920;7,89;0,61
9930;7,89;0,61
9940;7,88;0,61
9950;7,88;0,61
9960;7,87;0,61
9970;7,87;0,61
9980;7,86;0,61
9990;7,86;0,61
10000;7,85;0,61
10010;7,85;0,62
10020;7,84;0,62
10030;7,84;0,62
10040;7,83;0,62
10050;7,83;0,62
10060;7,83;0,62
10070;7,82;0,62
10080;7,82;0,62
10090;7,81;0,62
10100;7,81;0,62
10110;7,80;0,62
10120;7,80;0,62
10130;7,79;0,62
10140;7,79;0,62
10150;7,78;0,62
10160;7,78;0,62
10170;7,77;0,63
10180;7,77;0,63
10190;7,76;0,63
10200;7,76;0,63
10210;7,75;0,63
10220;7,75;0,63
10230;7,75;0,63
10240;7,74;0,63
10250;7,74;0,63
10260;7,73;0,63
10270;7,73;0,63
10280;7,72;0,63
10290;7,72;0,63
10300;7,71;0,63
10310;7,71;0,63
10320;7,70;0,63
10330;7,70;0,63
10340;7,69;0,64
10350;7,69;0,64
10360;7,69;0,64
10370;7,68;0,64
10380;7,68;0,64
10390;7,67;0,64
10400;7,67;0,64
10410;7,66;0,64
10420;7,66;0,64
10430;7,65;0,64
10440;7,65;0,64
10450;7,64;0,64
10460;7,64;0,64
10470;7,64;0,64
10480;7,63;0,64
10490;7,63;0,64
10500;7,62;0,65
10510;7,62;0,65
10520;7,61;0,65
10530;7,61;0,65
10540;7,60;0,65
10550;7,60;0,65
10560;7,59;0,65
10570;7,59;0,65
10580;7,59;0,65
10590;7,58;0,65
10600;7,58;0,65
10610;7,57;0,65
10620;7,57;0,65
10630;7,56;0,65
10640;7,56;0,65
10650;7,56;0,65
10660;7,55;0,66
10670;7,55;0,66
10680;7,54;0,66
10690;7,54;0,66
10700;7,53;0,66
10710;7,53;0,66
10720;7,52;0,66
10730;7,52;0,66
10740;7,52;0,66
10750;7,51;0,66
10760;7,51;0,66
10770;7,50;0,66
10780;7,50;0,66
10790;7,49;0,66
10800;7,49;0,66
10810;7,49;0,66
10820;7,48;0,67
10830;7,48;0,67
10840;7,47;0,67
10850;7,47;0,67
10860;7,46;0,67
10870;7,46;0,67
10880;7,46;0,67
10890;7,45;0,67
10900;7,45;0,67
10910;7,44;0,67
10920;7,44;0,67
10930;7,43;0,67
10940;7,43;0,67
10950;7,43;0,67
10960;7,42;0,67
10970;7,42;0,67
10980;7,41;0,67
10990;7,41;0,68
11000;7,41;0,68
11010;7,40;0,68
11020;7,40;0,68
11030;7,39;0,68
11040;7,39;0,68
11050;7,38;0,68
11060;7,38;0,68
11070;7,38;0,68
11080;7,37;0,68
11090;7,37;0,68
11100;7,36;0,68
11110;7,36;0,68
11120;7,36;0,68
11130;7,35;0,68
11140;7,35;0,68
11150;7,34;0,69
11160;7,34;0,69
11170;7,33;0,69
11180;7,33;0,69
11190;7,33;0,69
11200;7,32;0,69
11210;7,32;0,69
11220;7,31;0,69
11230;7,31;0,69
11240;7,31;0,69
11250;7,30;0,69
11260;7,30;0,69
11270;7,29;0,69
11280;7,29;0,69
11290;7,29;0,69
11300;7,28;0,69
11310;7,28;0,70
11320;7,27;0,70
11330;7,27;0,70
11340;7,27;0,70
11350;7,26;0,70
11360;7,26;0,70
11370;7,25;0,70
11380;7,25;0,70
11390;7,25;0,70
11400;7,24;0,70
11410;7,24;0,70
11420;7,23;0,70
11430;7,23;0,70
11440;7,23;0,70
11450;7,22;0,70
11460;7,22;0,70
11470;7,21;0,71
11480;7,21;0,71
11490;7,21;0,71
11500;7,20;0,71
11510;7,20;0,71
11520;7,19;0,71
11530;7,19;0,71
11540;7,19;0,71
11550;7,18;0,71
11560;7,18;0,71
11570;7,18;0,71
11580;7,17;0,71
11590;7,17;0,71
11600;7,16;0,71
11610;7,16;0,71
11620;7,16;0,71
11630;7,15;0,71
11640;7,15;0,72
11650;7,14;0,72
11660;7,14;0,72
11670;7,14;0,72
11680;7,13;0,72
11690;7,13;0,72
11700;7,13;0,72
11710;7,12;0,72
11720;7,12;0,72
11730;7,11;0,72
11740;7,11;0,72
11750;7,11;0,72
11760;7,10;0,72
11770;7,10;0,72
11780;7,09;0,72
11790;7,09;0,72
11800;7,09;0,73
11810;7,08;0,73
11820;7,08;0,73
11830;7,08;0,73
11840;7,07;0,73
11850;7,07;0,73
11860;7,06;0,73
11870;7,06;0,73
11880;7,06;0,73
11890;7,05;0,73
11900;7,05;0,73
11910;7,05;0,73
11920;7,04;0,73
11930;7,04;0,73
11940;7,03;0,73
11950;7,03;0,73
11960;7,03;0,74
11970;7,02;0,74
11980;7,02;0,74
11990;7,02;0,74
12000;7,01;0,74
12010;7,01;0,74
12020;7,01;0,74
12030;7,00;0,74
12040;7,00;0,74
12050;6,99;0,74
12060;6,99;0,74
12070;6,99;0,74
12080;6,98;0,74
12090;6,98;0,74
12100;6,98;0,74
12110;6,97;0,74
12120;6,97;0,74
12130;6,97;0,75
12140;6,96;0,75
12150;6,96;0,75
12160;6,95;0,75
12170;6,95;0,75
12180;6,95;0,75
12190;6,94;0,75
12200;6,94;0,75
12210;6,94;0,75
12220;6,93;0,75
12230;6,93;0,75
12240;6,93;0,75
12250;6,92;0,75
12260;6,92;0,75
12270;6,92;0,75
12280;6,91;0,75
12290;6,91;0,76
12300;6,90;0,76
12310;6,90;0,76
12320;6,90;0,76
12330;6,89;0,76
12340;6,89;0,76
12350;6,89;0,76
12360;6,88;0,76
12370;6,88;0,76
12380;6,88;0,76
12390;6,87;0,76
12400;6,87;0,76
12410;6,87;0,76
12420;6,86;0,76
12430;6,86;0,76
12440;6,86;0,76
12450;6,85;0,77
12460;6,85;0,77
12470;6,84;0,77
12480;6,84;0,77
12490;6,84;0,77
12500;6,83;0,77
12510;6,83;0,77
12520;6,83;0,77
12530;6,82;0,77
12540;6,82;0,77
12550;6,82;0,77
12560;6,81;0,77
12570;6,81;0,77
12580;6,81;0,77
12590;6,80;0,77
12600;6,80;0,77
12610;6,80;0,78
12620;6,79;0,78
12630;6,79;0,78
12640;6,79;0,78
12650;6,78;0,78
12660;6,78;0,78
12670;6,78;0,78
12680;6,77;0,78
12690;6,77;0,78
12700;6,77;0,78
12710;6,76;0,78
12720;6,76;0,78
12730;6,76;0,78
12740;6,75;0,78
12750;6,75;0,78
12760;6,75;0,78
12770;6,74;0,78
12780;6,74;0,79
12790;6,74;0,79
12800;6,73;0,79
12810;6,73;0,79
12820;6,73;0,79
12830;6,72;0,79
12840;6,72;0,79
12850;6,72;0,79
12860;6,71;0,79
12870;6,71;0,79
12880;6,71;0,79
12890;6,70;0,79
12900;6,70;0,79
12910;6,70;0,79
12920;6,69;0,79
12930;6,69;0,79
12940;6,69;0,80
12950;6,68;0,80
12960;6,68;0,80
12970;6,68;0,80
12980;6,67;0,80
12990;6,67;0,80
13000;6,67;0,80
13010;6,66;0,80
13020;6,66;0,80
13030;6,66;0,80
13040;6,65;0,80
13050;6,65;0,80
13060;6,65;0,80
13070;6,64;0,80
13080;6,64;0,80
13090;6,64;0,80
13100;6,63;0,81
13110;6,63;0,81
13120;6,63;0,81
13130;6,62;0,81
13140;6,62;0,81
13150;6,62;0,81
13160;6,61;0,81
13170;6,61;0,81
13180;6,61;0,81
13190;6,60;0,81
13200;6,60;0,81
13210;6,60;0,81
13220;6,59;0,81
13230;6,59;0,81
13240;6,59;0,81
13250;6,59;0,81
13260;6,58;0,82
13270;6,58;0,82
13280;6,58;0,82
13290;6,57;0,82
13300;6,57;0,82
13310;6,57;0,82
13320;6,56;0,82
13330;6,56;0,82
13340;6,56;0,82
13350;6,55;0,82
13360;6,55;0,82
13370;6,55;0,82
13380;6,54;0,82
13390;6,54;0,82
13400;6,54;0,82
13410;6,53;0,82
13420;6,53;0,82
13430;6,53;0,83
13440;6,53;0,83
13450;6,52;0,83
13460;6,52;0,83
13470;6,52;0,83
13480;6,51;0,83
13490;6,51;0,83
13500;6,51;0,83
13510;6,50;0,83
13520;6,50;0,83
13530;6,50;0,83
13540;6,49;0,83
13550;6,49;0,83
13560;6,49;0,83
13570;6,49;0,83
13580;6,48;0,83
13590;6,48;0,84
13600;6,48;0,84
13610;6,47;0,84
13620;6,47;0,84
13630;6,47;0,84
13640;6,46;0,84
13650;6,46;0,84
13660;6,46;0,84
13670;6,45;0,84
13680;6,45;0,84
13690;6,45;0,84
13700;6,45;0,84
13710;6,44;0,84
13720;6,44;0,84
13730;6,44;0,84
13740;6,43;0,84
13750;6,43;0,85
13760;6,43;0,85
13770;6,42;0,85
13780;6,42;0,85
13790;6,42;0,85
13800;6,42;0,85
13810;6,41;0,85
13820;6,41;0,85
13830;6,41;0,85
13840;6,40;0,85
13850;6,40;0,85
13860;6,40;0,85
13870;6,39;0,85
13880;6,39;0,85
13890;6,39;0,85
13900;6,39;0,85
13910;6,38;0,85
13920;6,38;0,86
13930;6,38;0,86
13940;6,37;0,86
13950;6,37;0,86
13960;6,37;0,86
13970;6,37;0,86
13980;6,36;0,86
13990;6,36;0,86
14000;6,36;0,86
14010;6,35;0,86
14020;6,35;0,86
14030;6,35;0,86
14040;6,34;0,86
14050;6,34;0,86
14060;6,34;0,86
14070;6,34;0,86
14080;6,33;0,87
14090;6,33;0,87
14100;6,33;0,87
14110;6,32;0,87
14120;6,32;0,87
14130;6,32;0,87
14140;6,32;0,87
14150;6,31;0,87
14160;6,31;0,87
14170;6,31;0,87
14180;6,30;0,87
14190;6,30;0,87
14200;6,30;0,87
14210;6,30;0,87
14220;6,29;0,87
14230;6,29;0,87
14240;6,29;0,88
14250;6,28;0,88
14260;6,28;0,88
14270;6,28;0,88
14280;6,28;0,88
14290;6,27;0,88
14300;6,27;0,88
14310;6,27;0,88
14320;6,26;0,88
14330;6,26;0,88
14340;6,26;0,88
14350;6,26;0,88
14360;6,25;0,88
14370;6,25;0,88
14380;6,25;0,88
14390;6,24;0,88
14400;6,24;0,89
14410;6,24;0,89
14420;6,24;0,89
14430;6,23;0,89
14440;6,23;0,89
14450;6,23;0,89
14460;6,22;0,89
14470;6,22;0,89
14480;6,22;0,89
14490;6,22;0,89
14500;6,21;0,89
14510;6,21;0,89
14520;6,21;0,89
14530;6,21;0,89
14540;6,20;0,89
14550;6,20;0,89
14560;6,20;0,89
14570;6,19;0,90
14580;6,19;0,90
14590;6,19;0,90
14600;6,19;0,90
14610;6,18;0,90
14620;6,18;0,90
14630;6,18;0,90
14640;6,18;0,90
14650;6,17;0,90
14660;6,17;0,90
14670;6,17;0,90
14680;6,16;0,90
14690;6,16;0,90
14700;6,16;0,90
14710;6,16;0,90
14720;6,15;0,90
14730;6,15;0,91
14740;6,15;0,91
14750;6,15;0,91
14760;6,14;0,91
14770;6,14;0,91
14780;6,14;0,91
14790;6,13;0,91
14800;6,13;0,91
14810;6,13;0,91
14820;6,13;0,91
14830;6,12;0,91
14840;6,12;0,91
14850;6,12;0,91
14860;6,12;0,91
14870;6,11;0,91
14880;6,11;0,91
14890;6,11;0,92
14900;6,10;0,92
14910;6,10;0,92
14920;6,10;0,92
14930;6,10;0,92
14940;6,09;0,92
14950;6,09;0,92
14960;6,09;0,92
14970;6,09;0,92
14980;6,08;0,92
14990;6,08;0,92
15000;6,08;0,92
15010;6,08;0,92
15020;6,07;0,92
15030;6,07;0,92
15040;6,07;0,92
15050;6,07;0,93
15060;6,06;0,93
15070;6,06;0,93
15080;6,06;0,93
15090;6,05;0,93
15100;6,05;0,93
15110;6,05;0,93
15120;6,05;0,93
15130;6,04;0,93
15140;6,04;0,93
15150;6,04;0,93
15160;6,04;0,93
15170;6,03;0,93
15180;6,03;0,93
15190;6,03;0,93
15200;6,03;0,93
15210;6,02;0,93
15220;6,02;0,94
15230;6,02;0,94
15240;6,02;0,94
15250;6,01;0,94
15260;6,01;0,94
15270;6,01;0,94
15280;6,01;0,94
15290;6,00;0,94
15300;6,00;0,94
15310;6,00;0,94
15320;5,99;0,94
15330;5,99;0,94
15340;5,99;0,94
15350;5,99;0,94
15360;5,98;0,94
15370;5,98;0,94
15380;5,98;0,95
15390;5,98;0,95
15400;5,97;0,95
15410;5,97;0,95
15420;5,97;0,95
15430;5,97;0,95
15440;5,96;0,95
15450;5,96;0,95
15460;5,96;0,95
15470;5,96;0,95
15480;5,95;0,95
15490;5,95;0,95
15500;5,95;0,95
15510;5,95;0,95
15520;5,94;0,95
15530;5,94;0,95
15540;5,94;0,96
15550;5,94;0,96
15560;5,93;0,96
15570;5,93;0,96
15580;5,93;0,96
15590;5,93;0,96
15600;5,92;0,96
15610;5,92;0,96
15620;5,92;0,96
15630;5,92;0,96
15640;5,91;0,96
15650;5,91;0,96
15660;5,91;0,96
15670;5,91;0,96
15680;5,90;0,96
15690;5,90;0,96
15700;5,90;0,97
15710;5,90;0,97
15720;5,89;0,97
15730;5,89;0,97
15740;5,89;0,97
15750;5,89;0,97
15760;5,88;0,97
15770;5,88;0,97
15780;5,88;0,97
15790;5,88;0,97
15800;5,87;0,97
15810;5,87;0,97
15820;5,87;0,97
15830;5,87;0,97
15840;5,87;0,97
15850;5,86;0,97
15860;5,86;0,97
15870;5,86;0,98
15880;5,86;0,98
15890;5,85;0,98
15900;5,85;0,98
15910;5,85;0,98
15920;5,85;0,98
15930;5,84;0,98
15940;5,84;0,98
15950;5,84;0,98
15960;5,84;0,98
15970;5,83;0,98
15980;5,83;0,98
15990;5,83;0,98
16000;5,83;0,98
16010;5,82;0,98
16020;5,82;0,98
16030;5,82;0,99
16040;5,82;0,99
16050;5,81;0,99
16060;5,81;0,99
16070;5,81;0,99
16080;5,81;0,99
16090;5,80;0,99
16100;5,80;0,99
16110;5,80;0,99
16120;5,80;0,99
16130;5,80;0,99
16140;5,79;0,99
16150;5,79;0,99
16160;5,79;0,99
16170;5,79;0,99
16180;5,78;0,99
16190;5,78;1,00
16200;5,78;1,00
16210;5,78;1,00
16220;5,77;1,00
16230;5,77;1,00
16240;5,77;1,00
16250;5,77;1,00
16260;5,76;1,00
16270;5,76;1,00
16280;5,76;1,00
16290;5,76;1,00
16300;5,76;1,00
16310;5,75;1,00
16320;5,75;1,00
16330;5,75;1,00
16340;5,75;1,00
16350;5,74;1,00
16360;5,74;1,01
16370;5,74;1,01
16380;5,74;1,01
16390;5,73;1,01
16400;5,73;1,01
16410;5,73;1,01
16420;5,73;1,01
16430;5,73;1,01
16440;5,72;1,01
16450;5,72;1,01
16460;5,72;1,01
16470;5,72;1,01
16480;5,71;1,01
16490;5,71;1,01
16500;5,71;1,01
16510;5,71;1,01
16520;5,70;1,02
16530;5,70;1,02
16540;5,70;1,02
16550;5,70;1,02
16560;5,70;1,02
16570;5,69;1,02
16580;5,69;1,02
16590;5,69;1,02
16600;5,69;1,02
16610;5,68;1,02
16620;5,68;1,02
16630;5,68;1,02
16640;5,68;1,02
16650;5,67;1,02
16660;5,67;1,02
16670;5,67;1,02
16680;5,67;1,03
16690;5,67;1,03
16700;5,66;1,03
16710;5,66;1,03
16720;5,66;1,03
16730;5,66;1,03
16740;5,65;1,03
16750;5,65;1,03
16760;5,65;1,03
16770;5,65;1,03
16780;5,65;1,03
16790;5,64;1,03
16800;5,64;1,03
16810;5,64;1,03
16820;5,64;1,03
16830;5,63;1,03
16840;5,63;1,04
16850;5,63;1,04
16860;5,63;1,04
16870;5,63;1,04
16880;5,62;1,04
16890;5,62;1,04
16900;5,62;1,04
16910;5,62;1,04
16920;5,61;1,04
16930;5,61;1,04
16940;5,61;1,04
16950;5,61;1,04
16960;5,61;1,04
16970;5,60;1,04
16980;5,60;1,04
16990;5,60;1,04
17000;5,60;1,04
17010;5,59;1,05
17020;5,59;1,05
17030;5,59;1,05
17040;5,59;1,05
17050;5,59;1,05
17060;5,58;1,05
17070;5,58;1,05
17080;5,58;1,05
17090;5,58;1,05
17100;5,58;1,05
17110;5,57;1,05
17120;5,57;1,05
17130;5,57;1,05
17140;5,57;1,05
17150;5,56;1,05
17160;5,56;1,05
17170;5,56;1,06
17180;5,56;1,06
17190;5,56;1,06
17200;5,55;1,06
17210;5,55;1,06
17220;5,55;1,06
17230;5,55;1,06
17240;5,54;1,06
17250;5,54;1,06
17260;5,54;1,06
17270;5,54;1,06
17280;5,54;1,06
17290;5,53;1,06
17300;5,53;1,06
17310;5,53;1,06
17320;5,53;1,06
17330;5,53;1,07
17340;5,52;1,07
17350;5,52;1,07
17360;5,52;1,07
17370;5,52;1,07
17380;5,51;1,07
17390;5,51;1,07
17400;5,51;1,07
17410;5,51;1,07
17420;5,51;1,07
17430;5,50;1,07
17440;5,50;1,07
17450;5,50;1,07
17460;5,50;1,07
17470;5,50;1,07
17480;5,49;1,07
17490;5,49;1,08
17500;5,49;1,08
17510;5,49;1,08
17520;5,49;1,08
17530;5,48;1,08
17540;5,48;1,08
17550;5,48;1,08
17560;5,48;1,08
17570;5,47;1,08
17580;5,47;1,08
17590;5,47;1,08
17600;5,47;1,08
17610;5,47;1,08
17620;5,46;1,08
17630;5,46;1,08
17640;5,46;1,08
17650;5,46;1,08
17660;5,46;1,09
17670;5,45;1,09
17680;5,45;1,09
17690;5,45;1,09
17700;5,45;1,09
17710;5,45;1,09
17720;5,44;1,09
17730;5,44;1,09
17740;5,44;1,09
17750;5,44;1,09
17760;5,44;1,09
17770;5,43;1,09
17780;5,43;1,09
17790;5,43;1,09
17800;5,43;1,09
17810;5,43;1,09
17820;5,42;1,10
17830;5,42;1,10
17840;5,42;1,10
17850;5,42;1,10
17860;5,42;1,10
17870;5,41;1,10
17880;5,41;1,10
17890;5,41;1,10
17900;5,41;1,10
17910;5,41;1,10
17920;5,40;1,10
17930;5,40;1,10
17940;5,40;1,10
17950;5,40;1,10
17960;5,39;1,10
17970;5,39;1,10
17980;5,39;1,11
17990;5,39;1,11
18000;5,39;1,11
18010;5,38;1,11
18020;5,38;1,11
18030;5,38;1,11
18040;5,38;1,11
18050;5,38;1,11
18060;5,37;1,11
18070;5,37;1,11
18080;5,37;1,11
18090;5,37;1,11
18100;5,37;1,11
18110;5,36;1,11
18120;5,36;1,11
18130;5,36;1,11
18140;5,36;1,11
18150;5,36;1,12
18160;5,35;1,12
18170;5,35;1,12
18180;5,35;1,12
18190;5,35;1,12
18200;5,35;1,12
18210;5,34;1,12
18220;5,34;1,12
18230;5,34;1,12
18240;5,34;1,12
18250;5,34;1,12
18260;5,34;1,12
18270;5,33;1,12
18280;5,33;1,12
18290;5,33;1,12
18300;5,33;1,12
18310;5,33;1,13
18320;5,32;1,13
18330;5,32;1,13
18340;5,32;1,13
18350;5,32;1,13
18360;5,32;1,13
18370;5,31;1,13
18380;5,31;1,13
18390;5,31;1,13
18400;5,31;1,13
18410;5,31;1,13
18420;5,30;1,13
18430;5,30;1,13
18440;5,30;1,13
18450;5,30;1,13
18460;5,30;1,13
18470;5,29;1,14
18480;5,29;1,14
18490;5,29;1,14
18500;5,29;1,14
18510;5,29;1,14
18520;5,28;1,14
18530;5,28;1,14
18540;5,28;1,14
18550;5,28;1,14
18560;5,28;1,14
18570;5,27;1,14
18580;5,27;1,14
18590;5,27;1,14
18600;5,27;1,14
18610;5,27;1,14
18620;5,27;1,14
18630;5,26;1,15
18640;5,26;1,15
18650;5,26;1,15
18660;5,26;1,15
18670;5,26;1,15
18680;5,25;1,15
18690;5,25;1,15
18700;5,25;1,15
18710;5,25;1,15
18720;5,25;1,15
18730;5,24;1,15
18740;5,24;1,15
18750;5,24;1,15
18760;5,24;1,15
18770;5,24;1,15
18780;5,23;1,15
18790;5,23;1,15
18800;5,23;1,16
18810;5,23;1,16
18820;5,23;1,16
18830;5,23;1,16
18840;5,22;1,16
18850;5,22;1,16
18860;5,22;1,16
18870;5,22;1,16
18880;5,22;1,16
18890;5,21;1,16
18900;5,21;1,16
18910;5,21;1,16
18920;5,21;1,16
18930;5,21;1,16
18940;5,20;1,16
18950;5,20;1,16
18960;5,20;1,17
18970;5,20;1,17
18980;5,20;1,17
18990;5,20;1,17
19000;5,19;1,17
19010;5,19;1,17
19020;5,19;1,17
19030;5,19;1,17
19040;5,19;1,17
19050;5,18;1,17
19060;5,18;1,17
19070;5,18;1,17
19080;5,18;1,17
19090;5,18;1,17
19100;5,18;1,17
19110;5,17;1,17
19120;5,17;1,18
19130;5,17;1,18
19140;5,17;1,18
19150;5,17;1,18
19160;5,16;1,18
19170;5,16;1,18
19180;5,16;1,18
19190;5,16;1,18
19200;5,16;1,18
19210;5,16;1,18
19220;5,15;1,18
19230;5,15;1,18
19240;5,15;1,18
19250;5,15;1,18
19260;5,15;1,18
19270;5,14;1,18
19280;5,14;1,19
19290;5,14;1,19
19300;5,14;1,19
19310;5,14;1,19
19320;5,14;1,19
19330;5,13;1,19
19340;5,13;1,19
19350;5,13;1,19
19360;5,13;1,19
19370;5,13;1,19
19380;5,12;1,19
19390;5,12;1,19
19400;5,12;1,19
19410;5,12;1,19
19420;5,12;1,19
19430;5,12;1,19
19440;5,11;1,19
19450;5,11;1,20
19460;5,11;1,20
19470;5,11;1,20
19480;5,11;1,20
19490;5,10;1,20
19500;5,10;1,20
19510;5,10;1,20
19520;5,10;1,20
19530;5,10;1,20
19540;5,10;1,20
19550;5,09;1,20
19560;5,09;1,20
19570;5,09;1,20
19580;5,09;1,20
19590;5,09;1,20
19600;5,08;1,20
19610;5,08;1,21
19620;5,08;1,21
19630;5,08;1,21
19640;5,08;1,21
19650;5,08;1,21
19660;5,07;1,21
19670;5,07;1,21
19680;5,07;1,21
19690;5,07;1,21
19700;5,07;1,21
19710;5,07;1,21
19720;5,06;1,21
19730;5,06;1,21
19740;5,06;1,21
19750;5,06;1,21
19760;5,06;1,21
19770;5,06;1,22
19780;5,05;1,22
19790;5,05;1,22
19800;5,05;1,22
19810;5,05;1,22
19820;5,05;1,22
19830;5,04;1,22
19840;5,04;1,22
19850;5,04;1,22
19860;5,04;1,22
19870;5,04;1,22
19880;5,04;1,22
19890;5,03;1,22
19900;5,03;1,22
19910;5,03;1,22
19920;5,03;1,22
19930;5,03;1,23
19940;5,03;1,23
19950;5,02;1,23
19960;5,02;1,23
19970;5,02;1,23
19980;5,02;1,23
19990;5,02;1,23
20000;5,02;1,23
20010;5,01;1,23
20020;5,01;1,23
20030;5,01;1,23
20040;5,01;1,23
20050;5,01;1,23
20060;5,00;1,23
20070;5,00;1,23
20080;5,00;1,23
20090;5,00;1,23
20100;5,00;1,24
20110;5,00;1,24
20120;4,99;1,24
20130;4,99;1,24
20140;4,99;1,24
20150;4,99;1,24
20160;4,99;1,24
20170;4,99;1,24
20180;4,98;1,24
20190;4,98;1,24
20200;4,98;1,24
20210;4,98;1,24
20220;4,98;1,24
20230;4,98;1,24
20240;4,97;1,24
20250;4,97;1,24
20260;4,97;1,25
20270;4,97;1,25
20280;4,97;1,25
20290;4,97;1,25
20300;4,96;1,25
20310;4,96;1,25
20320;4,96;1,25
20330;4,96;1,25
20340;4,96;1,25
20350;4,96;1,25
20360;4,95;1,25
20370;4,95;1,25
20380;4,95;1,25
20390;4,95;1,25
20400;4,95;1,25
20410;4,95;1,25
20420;4,94;1,26
20430;4,94;1,26
20440;4,94;1,26
20450;4,94;1,26
20460;4,94;1,26
20470;4,94;1,26
20480;4,93;1,26
20490;4,93;1,26
20500;4,93;1,26
20510;4,93;1,26
20520;4,93;1,26
20530;4,93;1,26
20540;4,92;1,26
20550;4,92;1,26
20560;4,92;1,26
20570;4,92;1,26
20580;4,92;1,26
20590;4,92;1,27
20600;4,91;1,27
20610;4,91;1,27
20620;4,91;1,27
20630;4,91;1,27
20640;4,91;1,27
20650;4,91;1,27
20660;4,90;1,27
20670;4,90;1,27
20680;4,90;1,27
20690;4,90;1,27
20700;4,90;1,27
20710;4,90;1,27
20720;4,89;1,27
20730;4,89;1,27
20740;4,89;1,27
20750;4,89;1,28
20760;4,89;1,28
20770;4,89;1,28
20780;4,89;1,28
20790;4,88;1,28
20800;4,88;1,28
20810;4,88;1,28
20820;4,88;1,28
20830;4,88;1,28
20840;4,88;1,28
20850;4,87;1,28
20860;4,87;1,28
20870;4,87;1,28
20880;4,87;1,28
20890;4,87;1,28
20900;4,87;1,28
20910;4,86;1,29
20920;4,86;1,29
20930;4,86;1,29
20940;4,86;1,29
20950;4,86;1,29
20960;4,86;1,29
20970;4,85;1,29
20980;4,85;1,29
20990;4,85;1,29
21000;4,85;1,29
21010;4,85;1,29
21020;4,85;1,29
21030;4,85;1,29
21040;4,84;1,29
21050;4,84;1,29
21060;4,84;1,29
21070;4,84;1,30
21080;4,84;1,30
21090;4,84;1,30
21100;4,83;1,30
21110;4,83;1,30
21120;4,83;1,30
21130;4,83;1,30
21140;4,83;1,30
21150;4,83;1,30
21160;4,82;1,30
21170;4,82;1,30
21180;4,82;1,30
21190;4,82;1,30
21200;4,82;1,30
21210;4,82;1,30
21220;4,82;1,30
21230;4,81;1,30
21240;4,81;1,31
21250;4,81;1,31
21260;4,81;1,31
21270;4,81;1,31
21280;4,81;1,31
21290;4,80;1,31
21300;4,80;1,31
21310;4,80;1,31
21320;4,80;1,31
21330;4,80;1,31
21340;4,80;1,31
21350;4,79;1,31
21360;4,79;1,31
21370;4,79;1,31
21380;4,79;1,31
21390;4,79;1,31
21400;4,79;1,32
21410;4,79;1,32
21420;4,78;1,32
21430;4,78;1,32
21440;4,78;1,32
21450;4,78;1,32
21460;4,78;1,32
21470;4,78;1,32
21480;4,77;1,32
21490;4,77;1,32
21500;4,77;1,32
21510;4,77;1,32
21520;4,77;1,32
21530;4,77;1,32
21540;4,77;1,32
21550;4,76;1,32
21560;4,76;1,33
21570;4,76;1,33
21580;4,76;1,33
21590;4,76;1,33
21600;4,76;1,33
21610;4,75;1,33
21620;4,75;1,33
21630;4,75;1,33
21640;4,75;1,33
21650;4,75;1,33
21660;4,75;1,33
21670;4,75;1,33
21680;4,74;1,33
21690;4,74;1,33
21700;4,74;1,33
21710;4,74;1,33
21720;4,74;1,34
21730;4,74;1,34
21740;4,73;1,34
21750;4,73;1,34
21760;4,73;1,34
21770;4,73;1,34
21780;4,73;1,34
21790;4,73;1,34
21800;4,73;1,34
21810;4,72;1,34
21820;4,72;1,34
21830;4,72;1,34
21840;4,72;1,34
21850;4,72;1,34
21860;4,72;1,34
21870;4,72;1,34
21880;4,71;1,34
21890;4,71;1,35
21900;4,71;1,35
21910;4,71;1,35
21920;4,71;1,35
21930;4,71;1,35
21940;4,70;1,35
21950;4,70;1,35
21960;4,70;1,35
21970;4,70;1,35
21980;4,70;1,35
21990;4,70;1,35
22000;4,70;1,35
22010;4,69;1,35
22020;4,69;1,35
22030;4,69;1,35
22040;4,69;1,35
22050;4,69;1,36
22060;4,69;1,36
22070;4,69;1,36
22080;4,68;1,36
22090;4,68;1,36
22100;4,68;1,36
22110;4,68;1,36
22120;4,68;1,36
22130;4,68;1,36
22140;4,68;1,36
22150;4,67;1,36
22160;4,67;1,36
22170;4,67;1,36
22180;4,67;1,36
22190;4,67;1,36
22200;4,67;1,36
22210;4,67;1,37
22220;4,66;1,37
22230;4,66;1,37
22240;4,66;1,37
22250;4,66;1,37
22260;4,66;1,37
22270;4,66;1,37
22280;4,65;1,37
22290;4,65;1,37
22300;4,65;1,37
22310;4,65;1,37
22320;4,65;1,37
22330;4,65;1,37
22340;4,65;1,37
22350;4,64;1,37
22360;4,64;1,37
22370;4,64;1,37
22380;4,64;1,38
22390;4,64;1,38
22400;4,64;1,38
22410;4,64;1,38
22420;4,63;1,38
22430;4,63;1,38
22440;4,63;1,38
22450;4,63;1,38
22460;4,63;1,38
22470;4,63;1,38
22480;4,63;1,38
22490;4,62;1,38
22500;4,62;1,38
22510;4,62;1,38
22520;4,62;1,38
22530;4,62;1,38
22540;4,62;1,39
22550;4,62;1,39
22560;4,61;1,39
22570;4,61;1,39
22580;4,61;1,39
22590;4,61;1,39
22600;4,61;1,39
22610;4,61;1,39
22620;4,61;1,39
22630;4,60;1,39
22640;4,60;1,39
22650;4,60;1,39
22660;4,60;1,39
22670;4,60;1,39
22680;4,60;1,39
22690;4,60;1,39
22700;4,59;1,40
22710;4,59;1,40
22720;4,59;1,40
22730;4,59;1,40
22740;4,59;1,40
22750;4,59;1,40
22760;4,59;1,40
22770;4,58;1,40
22780;4,58;1,40
22790;4,58;1,40
22800;4,58;1,40
22810;4,58;1,40
22820;4,58;1,40
22830;4,58;1,40
22840;4,57;1,40
22850;4,57;1,40
22860;4,57;1,41
22870;4,57;1,41
22880;4,57;1,41
22890;4,57;1,41
22900;4,57;1,41
22910;4,56;1,41
22920;4,56;1,41
22930;4,56;1,41
22940;4,56;1,41
22950;4,56;1,41
22960;4,56;1,41
22970;4,56;1,41
22980;4,56;1,41
22990;4,55;1,41
23000;4,55;1,41
23010;4,55;1,41
23020;4,55;1,41
23030;4,55;1,42
23040;4,55;1,42
23050;4,55;1,42
23060;4,54;1,42
23070;4,54;1,42
23080;4,54;1,42
23090;4,54;1,42
23100;4,54;1,42
23110;4,54;1,42
23120;4,54;1,42
23130;4,53;1,42
23140;4,53;1,42
23150;4,53;1,42
23160;4,53;1,42
23170;4,53;1,42
23180;4,53;1,42
23190;4,53;1,43
23200;4,52;1,43
23210;4,52;1,43
23220;4,52;1,43
23230;4,52;1,43
23240;4,52;1,43
23250;4,52;1,43
23260;4,52;1,43
23270;4,52;1,43
23280;4,51;1,43
23290;4,51;1,43
23300;4,51;1,43
23310;4,51;1,43
23320;4,51;1,43
23330;4,51;1,43
23340;4,51;1,43
23350;4,50;1,44
23360;4,50;1,44
23370;4,50;1,44
23380;4,50;1,44
23390;4,50;1,44
23400;4,50;1,44
23410;4,50;1,44
23420;4,49;1,44
23430;4,49;1,44
23440;4,49;1,44
23450;4,49;1,44
23460;4,49;1,44
23470;4,49;1,44
23480;4,49;1,44
23490;4,49;1,44
23500;4,48;1,44
23510;4,48;1,45
23520;4,48;1,45
23530;4,48;1,45
23540;4,48;1,45
23550;4,48;1,45
23560;4,48;1,45
23570;4,47;1,45
23580;4,47;1,45
23590;4,47;1,45
23600;4,47;1,45
23610;4,47;1,45
23620;4,47;1,45
23630;4,47;1,45
23640;4,47;1,45
23650;4,46;1,45
23660;4,46;1,45
23670;4,46;1,45
23680;4,46;1,46
23690;4,46;1,46
23700;4,46;1,46
23710;4,46;1,46
23720;4,45;1,46
23730;4,45;1,46
23740;4,45;1,46
23750;4,45;1,46
23760;4,45;1,46
23770;4,45;1,46
23780;4,45;1,46
23790;4,45;1,46
23800;4,44;1,46
23810;4,44;1,46
23820;4,44;1,46
23830;4,44;1,46
23840;4,44;1,47
23850;4,44;1,47
23860;4,44;1,47
23870;4,44;1,47
23880;4,43;1,47
23890;4,43;1,47
23900;4,43;1,47
23910;4,43;1,47
23920;4,43;1,47
23930;4,43;1,47
23940;4,43;1,47
23950;4,42;1,47
23960;4,42;1,47
23970;4,42;1,47
23980;4,42;1,47
23990;4,42;1,47
24000;4,42;1,48
24010;4,42;1,48
24020;4,42;1,48
24030;4,41;1,48
24040;4,41;1,48
24050;4,41;1,48
24060;4,41;1,48
24070;4,41;1,48
24080;4,41;1,48
24090;4,41;1,48
24100;4,41;1,48
24110;4,40;1,48
24120;4,40;1,48
24130;4,40;1,48
24140;4,40;1,48
24150;4,40;1,48
24160;4,40;1,48
24170;4,40;1,49
24180;4,39;1,49
24190;4,39;1,49
24200;4,39;1,49
24210;4,39;1,49
24220;4,39;1,49
24230;4,39;1,49
24240;4,39;1,49
24250;4,39;1,49
24260;4,38;1,49
24270;4,38;1,49
24280;4,38;1,49
24290;4,38;1,49
24300;4,38;1,49
24310;4,38;1,49
24320;4,38;1,49
24330;4,38;1,50
24340;4,37;1,50
24350;4,37;1,50
24360;4,37;1,50
24370;4,37;1,50
24380;4,37;1,50
24390;4,37;1,50
24400;4,37;1,50
24410;4,37;1,50
24420;4,36;1,50
24430;4,36;1,50
24440;4,36;1,50
24450;4,36;1,50
24460;4,36;1,50
24470;4,36;1,50
24480;4,36;1,50
24490;4,36;1,51
24500;4,35;1,51
24510;4,35;1,51
24520;4,35;1,51
24530;4,35;1,51
24540;4,35;1,51
24550;4,35;1,51
24560;4,35;1,51
24570;4,35;1,51
24580;4,34;1,51
24590;4,34;1,51
24600;4,34;1,51
24610;4,34;1,51
24620;4,34;1,51
24630;4,34;1,51
24640;4,34;1,51
24650;4,34;1,52
24660;4,33;1,52
24670;4,33;1,52
24680;4,33;1,52
24690;4,33;1,52
24700;4,33;1,52
24710;4,33;1,52
24720;4,33;1,52
24730;4,33;1,52
24740;4,32;1,52
24750;4,32;1,52
24760;4,32;1,52
24770;4,32;1,52
24780;4,32;1,52
24790;4,32;1,52
24800;4,32;1,52
24810;4,32;1,52
24820;4,31;1,53
24830;4,31;1,53
24840;4,31;1,53
24850;4,31;1,53
24860;4,31;1,53
24870;4,31;1,53
24880;4,31;1,53
24890;4,31;1,53
24900;4,30;1,53
24910;4,30;1,53
24920;4,30;1,53
24930;4,30;1,53
24940;4,30;1,53
24950;4,30;1,53
24960;4,30;1,53
24970;4,30;1,53
24980;4,29;1,54
24990;4,29;1,54
25000;4,29;1,54
25010;4,29;1,54
25020;4,29;1,54
25030;4,29;1,54
25040;4,29;1,54
25050;4,29;1,54
25060;4,28;1,54
25070;4,28;1,54
25080;4,28;1,54
25090;4,28;1,54
25100;4,28;1,54
25110;4,28;1,54
25120;4,28;1,54
25130;4,28;1,54
25140;4,28;1,55
25150;4,27;1,55
25160;4,27;1,55
25170;4,27;1,55
25180;4,27;1,55
25190;4,27;1,55
25200;4,27;1,55
25210;4,27;1,55
25220;4,27;1,55
25230;4,26;1,55
25240;4,26;1,55
25250;4,26;1,55
25260;4,26;1,55
25270;4,26;1,55
25280;4,26;1,55
25290;4,26;1,55
25300;4,26;1,56
25310;4,25;1,56
25320;4,25;1,56
25330;4,25;1,56
25340;4,25;1,56
25350;4,25;1,56
25360;4,25;1,56
25370;4,25;1,56
25380;4,25;1,56
25390;4,25;1,56
25400;4,24;1,56
25410;4,24;1,56
25420;4,24;1,56
25430;4,24;1,56
25440;4,24;1,56
25450;4,24;1,56
25460;4,24;1,56
25470;4,24;1,57
25480;4,23;1,57
25490;4,23;1,57
25500;4,23;1,57
25510;4,23;1,57
25520;4,23;1,57
25530;4,23;1,57
25540;4,23;1,57
25550;4,23;1,57
25560;4,22;1,57
25570;4,22;1,57
25580;4,22;1,57
25590;4,22;1,57
25600;4,22;1,57
25610;4,22;1,57
25620;4,22;1,57
25630;4,22;1,58
25640;4,22;1,58
25650;4,21;1,58
25660;4,21;1,58
25670;4,21;1,58
25680;4,21;1,58
25690;4,21;1,58
25700;4,21;1,58
25710;4,21;1,58
25720;4,21;1,58
25730;4,20;1,58
25740;4,20;1,58
25750;4,20;1,58
25760;4,20;1,58
25770;4,20;1,58
25780;4,20;1,58
25790;4,20;1,59
25800;4,20;1,59
25810;4,20;1,59
25820;4,19;1,59
25830;4,19;1,59
25840;4,19;1,59
25850;4,19;1,59
25860;4,19;1,59
25870;4,19;1,59
25880;4,19;1,59
25890;4,19;1,59
25900;4,19;1,59
25910;4,18;1,59
25920;4,18;1,59
25930;4,18;1,59
25940;4,18;1,59
25950;4,18;1,60
25960;4,18;1,60
25970;4,18;1,60
25980;4,18;1,60
25990;4,17;1,60
26000;4,17;1,60
26010;4,17;1,60
26020;4,17;1,60
26030;4,17;1,60
26040;4,17;1,60
26050;4,17;1,60
26060;4,17;1,60
26070;4,17;1,60
26080;4,16;1,60
26090;4,16;1,60
26100;4,16;1,60
26110;4,16;1,60
26120;4,16;1,61
26130;4,16;1,61
26140;4,16;1,61
26150;4,16;1,61
26160;4,16;1,61
26170;4,15;1,61
26180;4,15;1,61
26190;4,15;1,61
26200;4,15;1,61
26210;4,15;1,61
26220;4,15;1,61
26230;4,15;1,61
26240;4,15;1,61
26250;4,15;1,61
26260;4,14;1,61
26270;4,14;1,61
26280;4,14;1,62
26290;4,14;1,62
26300;4,14;1,62
26310;4,14;1,62
26320;4,14;1,62
26330;4,14;1,62
26340;4,14;1,62
26350;4,13;1,62
26360;4,13;1,62
26370;4,13;1,62
26380;4,13;1,62
26390;4,13;1,62
26400;4,13;1,62
26410;4,13;1,62
26420;4,13;1,62
26430;4,12;1,62
26440;4,12;1,63
26450;4,12;1,63
26460;4,12;1,63
26470;4,12;1,63
26480;4,12;1,63
26490;4,12;1,63
26500;4,12;1,63
26510;4,12;1,63
26520;4,11;1,63
26530;4,11;1,63
26540;4,11;1,63
26550;4,11;1,63
26560;4,11;1,63
26570;4,11;1,63
26580;4,11;1,63
26590;4,11;1,63
26600;4,11;1,63
26610;4,10;1,64
26620;4,10;1,64
26630;4,10;1,64
26640;4,10;1,64
26650;4,10;1,64
26660;4,10;1,64
26670;4,10;1,64
26680;4,10;1,64
26690;4,10;1,64
26700;4,09;1,64
26710;4,09;1,64
26720;4,09;1,64
26730;4,09;1,64
26740;4,09;1,64
26750;4,09;1,64
26760;4,09;1,64
26770;4,09;1,65
26780;4,09;1,65
26790;4,08;1,65
26800;4,08;1,65
26810;4,08;1,65
26820;4,08;1,65
26830;4,08;1,65
26840;4,08;1,65
26850;4,08;1,65
26860;4,08;1,65
26870;4,08;1,65
26880;4,08;1,65
26890;4,07;1,65
26900;4,07;1,65
26910;4,07;1,65
26920;4,07;1,65
26930;4,07;1,66
26940;4,07;1,66
26950;4,07;1,66
26960;4,07;1,66
26970;4,07;1,66
26980;4,06;1,66
26990;4,06;1,66
27000;4,06;1,66
27010;4,06;1,66
27020;4,06;1,66
27030;4,06;1,66
27040;4,06;1,66
27050;4,06;1,66
27060;4,06;1,66
27070;4,05;1,66
27080;4,05;1,66
27090;4,05;1,67
27100;4,05;1,67
27110;4,05;1,67
27120;4,05;1,67
27130;4,05;1,67
27140;4,05;1,67
27150;4,05;1,67
27160;4,04;1,67
27170;4,04;1,67
27180;4,04;1,67
27190;4,04;1,67
27200;4,04;1,67
27210;4,04;1,67
27220;4,04;1,67
27230;4,04;1,67
27240;4,04;1,67
27250;4,04;1,67
27260;4,03;1,68
27270;4,03;1,68
27280;4,03;1,68
27290;4,03;1,68
27300;4,03;1,68
27310;4,03;1,68
27320;4,03;1,68
27330;4,03;1,68
27340;4,03;1,68
27350;4,02;1,68
27360;4,02;1,68
27370;4,02;1,68
27380;4,02;1,68
27390;4,02;1,68
27400;4,02;1,68
27410;4,02;1,68
27420;4,02;1,69
27430;4,02;1,69
27440;4,01;1,69
27450;4,01;1,69
27460;4,01;1,69
27470;4,01;1,69
27480;4,01;1,69
27490;4,01;1,69
27500;4,01;1,69
27510;4,01;1,69
27520;4,01;1,69
27530;4,01;1,69
27540;4,00;1,69
27550;4,00;1,69
27560;4,00;1,69
27570;4,00;1,69
27580;4,00;1,70
27590;4,00;1,70
27600;4,00;1,70
27610;4,00;1,70
27620;4,00;1,70
27630;4,00;1,70
27640;3,99;1,70
27650;3,99;1,70
27660;3,99;1,70
27670;3,99;1,70
27680;3,99;1,70
27690;3,99;1,70
27700;3,99;1,70
27710;3,99;1,70
27720;3,99;1,70
27730;3,98;1,70
27740;3,98;1,71
27750;3,98;1,71
27760;3,98;1,71
27770;3,98;1,71
27780;3,98;1,71
27790;3,98;1,71
27800;3,98;1,71
27810;3,98;1,71
27820;3,98;1,71
27830;3,97;1,71
27840;3,97;1,71
27850;3,97;1,71
27860;3,97;1,71
27870;3,97;1,71
27880;3,97;1,71
27890;3,97;1,71
27900;3,97;1,71
27910;3,97;1,72
27920;3,96;1,72
27930;3,96;1,72
27940;3,96;1,72
27950;3,96;1,72
27960;3,96;1,72
27970;3,96;1,72
27980;3,96;1,72
27990;3,96;1,72
28000;3,96;1,72
28010;3,96;1,72
28020;3,95;1,72
28030;3,95;1,72
28040;3,95;1,72
28050;3,95;1,72
28060;3,95;1,72
28070;3,95;1,73
28080;3,95;1,73
28090;3,95;1,73
28100;3,95;1,73
28110;3,95;1,73
28120;3,94;1,73
28130;3,94;1,73
28140;3,94;1,73
28150;3,94;1,73
28160;3,94;1,73
28170;3,94;1,73
28180;3,94;1,73
28190;3,94;1,73
28200;3,94;1,73
28210;3,94;1,73
28220;3,93;1,73
28230;3,93;1,74
28240;3,93;1,74
28250;3,93;1,74
28260;3,93;1,74
28270;3,93;1,74
28280;3,93;1,74
28290;3,93;1,74
28300;3,93;1,74
28310;3,93;1,74
28320;3,92;1,74
28330;3,92;1,74
28340;3,92;1,74
28350;3,92;1,74
28360;3,92;1,74
28370;3,92;1,74
28380;3,92;1,74
28390;3,92;1,74
28400;3,92;1,75
28410;3,92;1,75
28420;3,91;1,75
28430;3,91;1,75
28440;3,91;1,75
28450;3,91;1,75
28460;3,91;1,75
28470;3,91;1,75
28480;3,91;1,75
28490;3,91;1,75
28500;3,91;1,75
28510;3,91;1,75
28520;3,90;1,75
28530;3,90;1,75
28540;3,90;1,75
28550;3,90;1,75
28560;3,90;1,76
28570;3,90;1,76
28580;3,90;1,76
28590;3,90;1,76
28600;3,90;1,76
28610;3,90;1,76
28620;3,89;1,76
28630;3,89;1,76
28640;3,89;1,76
28650;3,89;1,76
28660;3,89;1,76
28670;3,89;1,76
28680;3,89;1,76
28690;3,89;1,76
28700;3,89;1,76
28710;3,89;1,76
28720;3,88;1,77
28730;3,88;1,77
28740;3,88;1,77
28750;3,88;1,77
28760;3,88;1,77
28770;3,88;1,77
28780;3,88;1,77
28790;3,88;1,77
28800;3,88;1,77
28810;3,88;1,77
28820;3,87;1,77
28830;3,87;1,77
28840;3,87;1,77
28850;3,87;1,77
28860;3,87;1,77
28870;3,87;1,77
28880;3,87;1,78
28890;3,87;1,78
28900;3,87;1,78
28910;3,87;1,78
28920;3,86;1,78
28930;3,86;1,78
28940;3,86;1,78
28950;3,86;1,78
28960;3,86;1,78
28970;3,86;1,78
28980;3,86;1,78
28990;3,86;1,78
29000;3,86;1,78
29010;3,86;1,78
29020;3,86;1,78
29030;3,85;1,78
29040;3,85;1,78
29050;3,85;1,79
29060;3,85;1,79
29070;3,85;1,79
29080;3,85;1,79
29090;3,85;1,79
29100;3,85;1,79
29110;3,85;1,79
29120;3,85;1,79
29130;3,84;1,79
29140;3,84;1,79
29150;3,84;1,79
29160;3,84;1,79
29170;3,84;1,79
29180;3,84;1,79
29190;3,84;1,79
29200;3,84;1,79
29210;3,84;1,80
29220;3,84;1,80
29230;3,83;1,80
29240;3,83;1,80
29250;3,83;1,80
29260;3,83;1,80
29270;3,83;1,80
29280;3,83;1,80
29290;3,83;1,80
29300;3,83;1,80
29310;3,83;1,80
29320;3,83;1,80
29330;3,83;1,80
29340;3,82;1,80
29350;3,82;1,80
29360;3,82;1,80
29370;3,82;1,81
29380;3,82;1,81
29390;3,82;1,81
29400;3,82;1,81
29410;3,82;1,81
29420;3,82;1,81
29430;3,82;1,81
29440;3,81;1,81
29450;3,81;1,81
29460;3,81;1,81
29470;3,81;1,81
29480;3,81;1,81
29490;3,81;1,81
29500;3,81;1,81
29510;3,81;1,81
29520;3,81;1,81
29530;3,81;1,82
29540;3,81;1,82
29550;3,80;1,82
29560;3,80;1,82
29570;3,80;1,82
29580;3,80;1,82
29590;3,80;1,82
29600;3,80;1,82
29610;3,80;1,82
29620;3,80;1,82
29630;3,80;1,82
29640;3,80;1,82
29650;3,80;1,82
29660;3,79;1,82
29670;3,79;1,82
29680;3,79;1,82
29690;3,79;1,82
29700;3,79;1,83
29710;3,79;1,83
29720;3,79;1,83
29730;3,79;1,83
29740;3,79;1,83
29750;3,79;1,83
29760;3,78;1,83
29770;3,78;1,83
29780;3,78;1,83
29790;3,78;1,83
29800;3,78;1,83
29810;3,78;1,83
29820;3,78;1,83
29830;3,78;1,83
29840;3,78;1,83
29850;3,78;1,83
29860;3,78;1,84
29870;3,77;1,84
29880;3,77;1,84
29890;3,77;1,84
29900;3,77;1,84
29910;3,77;1,84
29920;3,77;1,84
29930;3,77;1,84
29940;3,77;1,84
29950;3,77;1,84
29960;3,77;1,84
29970;3,77;1,84
29980;3,76;1,84
29990;3,76;1,84
30000;3,76;1,84
30010;3,76;1,84
30020;3,76;1,85
30030;3,76;1,85
30040;3,76;1,85
30050;3,76;1,85
30060;3,76;1,85
30070;3,76;1,85
30080;3,76;1,85
30090;3,75;1,85
30100;3,75;1,85
30110;3,75;1,85
30120;3,75;1,85
30130;3,75;1,85
30140;3,75;1,85
30150;3,75;1,85
30160;3,75;1,85
30170;3,75;1,85
30180;3,75;1,86
30190;3,75;1,86
30200;3,74;1,86
30210;3,74;1,86
30220;3,74;1,86
30230;3,74;1,86
30240;3,74;1,86
30250;3,74;1,86
30260;3,74;1,86
30270;3,74;1,86
30280;3,74;1,86
30290;3,74;1,86
30300;3,74;1,86
30310;3,73;1,86
30320;3,73;1,86
30330;3,73;1,86
30340;3,73;1,86
30350;3,73;1,87
30360;3,73;1,87
30370;3,73;1,87
30380;3,73;1,87
30390;3,73;1,87
30400;3,73;1,87
30410;3,73;1,87
30420;3,72;1,87
30430;3,72;1,87
30440;3,72;1,87
30450;3,72;1,87
30460;3,72;1,87
30470;3,72;1,87
30480;3,72;1,87
30490;3,72;1,87
30500;3,72;1,87
30510;3,72;1,88
30520;3,72;1,88
30530;3,71;1,88
30540;3,71;1,88
30550;3,71;1,88
30560;3,71;1,88
30570;3,71;1,88
30580;3,71;1,88
30590;3,71;1,88
30600;3,71;1,88
30610;3,71;1,88
30620;3,71;1,88
30630;3,71;1,88
30640;3,70;1,88
30650;3,70;1,88
30660;3,70;1,88
30670;3,70;1,89
30680;3,70;1,89
30690;3,70;1,89
30700;3,70;1,89
30710;3,70;1,89
30720;3,70;1,89
30730;3,70;1,89
30740;3,70;1,89
30750;3,69;1,89
30760;3,69;1,89
30770;3,69;1,89
30780;3,69;1,89
30790;3,69;1,89
30800;3,69;1,89
30810;3,69;1,89
30820;3,69;1,89
30830;3,69;1,89
30840;3,69;1,90
30850;3,69;1,90
30860;3,69;1,90
30870;3,68;1,90
30880;3,68;1,90
30890;3,68;1,90
30900;3,68;1,90
30910;3,68;1,90
30920;3,68;1,90
30930;3,68;1,90
30940;3,68;1,90
30950;3,68;1,90
30960;3,68;1,90
30970;3,68;1,90
30980;3,67;1,90
30990;3,67;1,90
31000;3,67;1,91
31010;3,67;1,91
31020;3,67;1,91
31030;3,67;1,91
31040;3,67;1,91
31050;3,67;1,91
31060;3,67;1,91
31070;3,67;1,91
31080;3,67;1,91
31090;3,67;1,91
31100;3,66;1,91
31110;3,66;1,91
31120;3,66;1,91
31130;3,66;1,91
31140;3,66;1,91
31150;3,66;1,91
31160;3,66;1,92
31170;3,66;1,92
31180;3,66;1,92
31190;3,66;1,92
31200;3,66;1,92
31210;3,65;1,92
31220;3,65;1,92
31230;3,65;1,92
31240;3,65;1,92
31250;3,65;1,92
31260;3,65;1,92
31270;3,65;1,92
31280;3,65;1,92
31290;3,65;1,92
31300;3,65;1,92
31310;3,65;1,92
31320;3,65;1,93
31330;3,64;1,93
31340;3,64;1,93
31350;3,64;1,93
31360;3,64;1,93
31370;3,64;1,93
31380;3,64;1,93
31390;3,64;1,93
31400;3,64;1,93
31410;3,64;1,93
31420;3,64;1,93
31430;3,64;1,93
31440;3,63;1,93
31450;3,63;1,93
31460;3,63;1,93
31470;3,63;1,93
31480;3,63;1,93
31490;3,63;1,94
31500;3,63;1,94
31510;3,63;1,94
31520;3,63;1,94
31530;3,63;1,94
31540;3,63;1,94
31550;3,63;1,94
31560;3,62;1,94
31570;3,62;1,94
31580;3,62;1,94
31590;3,62;1,94
31600;3,62;1,94
31610;3,62;1,94
31620;3,62;1,94
31630;3,62;1,94
31640;3,62;1,94
31650;3,62;1,95
31660;3,62;1,95
31670;3,62;1,95
31680;3,61;1,95
31690;3,61;1,95
31700;3,61;1,95
31710;3,61;1,95
31720;3,61;1,95
31730;3,61;1,95
31740;3,61;1,95
31750;3,61;1,95
31760;3,61;1,95
31770;3,61;1,95
31780;3,61;1,95
31790;3,61;1,95
31800;3,60;1,95
31810;3,60;1,96
31820;3,60;1,96
31830;3,60;1,96
31840;3,60;1,96
31850;3,60;1,96
31860;3,60;1,96
31870;3,60;1,96
31880;3,60;1,96
31890;3,60;1,96
31900;3,60;1,96
31910;3,60;1,96
31920;3,59;1,96
31930;3,59;1,96
31940;3,59;1,96
31950;3,59;1,96
31960;3,59;1,96
31970;3,59;1,97
31980;3,59;1,97
31990;3,59;1,97
32000;3,59;1,97
32010;3,59;1,97
32020;3,59;1,97
32030;3,59;1,97
32040;3,58;1,97
32050;3,58;1,97
32060;3,58;1,97
32070;3,58;1,97
32080;3,58;1,97
32090;3,58;1,97
32100;3,58;1,97
32110;3,58;1,97
32120;3,58;1,97
32130;3,58;1,97
32140;3,58;1,98
32150;3,58;1,98
32160;3,57;1,98
32170;3,57;1,98
32180;3,57;1,98
32190;3,57;1,98
32200;3,57;1,98
32210;3,57;1,98
32220;3,57;1,98
32230;3,57;1,98
32240;3,57;1,98
32250;3,57;1,98
32260;3,57;1,98
32270;3,57;1,98
32280;3,56;1,98
32290;3,56;1,98
32300;3,56;1,99
32310;3,56;1,99
32320;3,56;1,99
32330;3,56;1,99
32340;3,56;1,99
32350;3,56;1,99
32360;3,56;1,99
32370;3,56;1,99
32380;3,56;1,99
32390;3,56;1,99
32400;3,55;1,99
32410;3,55;1,99
32420;3,55;1,99
32430;3,55;1,99
32440;3,55;1,99
32450;3,55;1,99
32460;3,55;2,00
32470;3,55;2,00
32480;3,55;2,00
32490;3,55;2,00
32500;3,55;2,00
32510;3,55;2,00
32520;3,54;2,00
32530;3,54;2,00
32540;3,54;2,00
32550;3,54;2,00
32560;3,54;2,00
32570;3,54;2,00
32580;3,54;2,00
32590;3,54;2,00
32600;3,54;2,00
32610;3,54;2,00
32620;3,54;2,00
32630;3,54;2,01
32640;3,54;2,01
32650;3,53;2,01
32660;3,53;2,01
32670;3,53;2,01
32680;3,53;2,01
32690;3,53;2,01
32700;3,53;2,01
32710;3,53;2,01
32720;3,53;2,01
32730;3,53;2,01
32740;3,53;2,01
32750;3,53;2,01
32760;3,53;2,01
32770;3,52;2,01
32780;3,52;2,01
32790;3,52;2,02
32800;3,52;2,02
32810;3,52;2,02
32820;3,52;2,02
32830;3,52;2,02
32840;3,52;2,02
32850;3,52;2,02
32860;3,52;2,02
32870;3,52;2,02
32880;3,52;2,02
32890;3,52;2,02
32900;3,51;2,02
32910;3,51;2,02
32920;3,51;2,02
32930;3,51;2,02
32940;3,51;2,02
32950;3,51;2,03
32960;3,51;2,03
32970;3,51;2,03
32980;3,51;2,03
32990;3,51;2,03
33000;3,51;2,03
33010;3,51;2,03
33020;3,50;2,03
33030;3,50;2,03
33040;3,50;2,03
33050;3,50;2,03
33060;3,50;2,03
33070;3,50;2,03
33080;3,50;2,03
33090;3,50;2,03
33100;3,50;2,03
33110;3,50;2,04
33120;3,50;2,04
33130;3,50;2,04
33140;3,50;2,04
33150;3,49;2,04
33160;3,49;2,04
33170;3,49;2,04
33180;3,49;2,04
33190;3,49;2,04
33200;3,49;2,04
33210;3,49;2,04
33220;3,49;2,04
33230;3,49;2,04
33240;3,49;2,04
33250;3,49;2,04
33260;3,49;2,04
33270;3,49;2,04
33280;3,48;2,05
33290;3,48;2,05
33300;3,48;2,05
33310;3,48;2,05
33320;3,48;2,05
33330;3,48;2,05
33340;3,48;2,05
33350;3,48;2,05
33360;3,48;2,05
33370;3,48;2,05
33380;3,48;2,05
33390;3,48;2,05
33400;3,48;2,05
33410;3,47;2,05
33420;3,47;2,05
33430;3,47;2,05
33440;3,47;2,06
33450;3,47;2,06
33460;3,47;2,06
33470;3,47;2,06
33480;3,47;2,06
33490;3,47;2,06
33500;3,47;2,06
33510;3,47;2,06
33520;3,47;2,06
33530;3,46;2,06
33540;3,46;2,06
33550;3,46;2,06
33560;3,46;2,06
33570;3,46;2,06
33580;3,46;2,06
33590;3,46;2,06
33600;3,46;2,07
33610;3,46;2,07
33620;3,46;2,07
33630;3,46;2,07
33640;3,46;2,07
33650;3,46;2,07
33660;3,45;2,07
33670;3,45;2,07
33680;3,45;2,07
33690;3,45;2,07
33700;3,45;2,07
33710;3,45;2,07
33720;3,45;2,07
33730;3,45;2,07
33740;3,45;2,07
33750;3,45;2,07
33760;3,45;2,08
33770;3,45;2,08
33780;3,45;2,08
33790;3,45;2,08
33800;3,44;2,08
33810;3,44;2,08
33820;3,44;2,08
33830;3,44;2,08
33840;3,44;2,08
33850;3,44;2,08
33860;3,44;2,08
33870;3,44;2,08
33880;3,44;2,08
33890;3,44;2,08
33900;3,44;2,08
33910;3,44;2,08
33920;3,44;2,08
33930;3,43;2,09
33940;3,43;2,09
33950;3,43;2,09
33960;3,43;2,09
33970;3,43;2,09
33980;3,43;2,09
33990;3,43;2,09
34000;3,43;2,09
34010;3,43;2,09
34020;3,43;2,09
34030;3,43;2,09
34040;3,43;2,09
34050;3,43;2,09
34060;3,42;2,09
34070;3,42;2,09
34080;3,42;2,09
34090;3,42;2,10
34100;3,42;2,10
34110;3,42;2,10
34120;3,42;2,10
34130;3,42;2,10
34140;3,42;2,10
34150;3,42;2,10
34160;3,42;2,10
34170;3,42;2,10
34180;3,42;2,10
34190;3,41;2,10
34200;3,41;2,10
34210;3,41;2,10
34220;3,41;2,10
34230;3,41;2,10
34240;3,41;2,10
34250;3,41;2,11
34260;3,41;2,11
34270;3,41;2,11
34280;3,41;2,11
34290;3,41;2,11
34300;3,41;2,11
34310;3,41;2,11
34320;3,41;2,11
34330;3,40;2,11
34340;3,40;2,11
34350;3,40;2,11
34360;3,40;2,11
34370;3,40;2,11
34380;3,40;2,11
34390;3,40;2,11
34400;3,40;2,11
34410;3,40;2,12
34420;3,40;2,12
34430;3,40;2,12
34440;3,40;2,12
34450;3,40;2,12
34460;3,39;2,12
34470;3,39;2,12
34480;3,39;2,12
34490;3,39;2,12
34500;3,39;2,12
34510;3,39;2,12
34520;3,39;2,12
34530;3,39;2,12
34540;3,39;2,12
34550;3,39;2,12
34560;3,39;2,12
34570;3,39;2,12
34580;3,39;2,13
34590;3,39;2,13
34600;3,38;2,13
34610;3,38;2,13
34620;3,38;2,13
34630;3,38;2,13
34640;3,38;2,13
34650;3,38;2,13
34660;3,38;2,13
34670;3,38;2,13
34680;3,38;2,13
34690;3,38;2,13
34700;3,38;2,13
34710;3,38;2,13
34720;3,38;2,13
34730;3,37;2,13
34740;3,37;2,14
34750;3,37;2,14
34760;3,37;2,14
34770;3,37;2,14
34780;3,37;2,14
34790;3,37;2,14
34800;3,37;2,14
34810;3,37;2,14
34820;3,37;2,14
34830;3,37;2,14
34840;3,37;2,14
34850;3,37;2,14
34860;3,37;2,14
34870;3,36;2,14
34880;3,36;2,14
34890;3,36;2,14
34900;3,36;2,15
34910;3,36;2,15
34920;3,36;2,15
34930;3,36;2,15
34940;3,36;2,15
34950;3,36;2,15
34960;3,36;2,15
34970;3,36;2,15
34980;3,36;2,15
34990;3,36;2,15
35000;3,36;2,15
35010;3,35;2,15
35020;3,35;2,15
35030;3,35;2,15
35040;3,35;2,15
35050;3,35;2,15
35060;3,35;2,15
35070;3,35;2,16
35080;3,35;2,16
35090;3,35;2,16
35100;3,35;2,16
35110;3,35;2,16
35120;3,35;2,16
35130;3,35;2,16
35140;3,35;2,16
35150;3,34;2,16
35160;3,34;2,16
35170;3,34;2,16
35180;3,34;2,16
35190;3,34;2,16
35200;3,34;2,16
35210;3,34;2,16
35220;3,34;2,16
35230;3,34;2,17
35240;3,34;2,17
35250;3,34;2,17
35260;3,34;2,17
35270;3,34;2,17
35280;3,34;2,17
35290;3,33;2,17
35300;3,33;2,17
35310;3,33;2,17
35320;3,33;2,17
35330;3,33;2,17
35340;3,33;2,17
35350;3,33;2,17
35360;3,33;2,17
35370;3,33;2,17
35380;3,33;2,17
35390;3,33;2,18
35400;3,33;2,18
35410;3,33;2,18
35420;3,33;2,18
35430;3,32;2,18
35440;3,32;2,18
35450;3,32;2,18
35460;3,32;2,18
35470;3,32;2,18
35480;3,32;2,18
35490;3,32;2,18
35500;3,32;2,18
35510;3,32;2,18
35520;3,32;2,18
35530;3,32;2,18
35540;3,32;2,18
35550;3,32;2,19
35560;3,32;2,19
35570;3,31;2,19
35580;3,31;2,19
35590;3,31;2,19
35600;3,31;2,19
35610;3,31;2,19
35620;3,31;2,19
35630;3,31;2,19
35640;3,31;2,19
35650;3,31;2,19
35660;3,31;2,19
35670;3,31;2,19
35680;3,31;2,19
35690;3,31;2,19
35700;3,31;2,19
35710;3,30;2,19
35720;3,30;2,20
35730;3,30;2,20
35740;3,30;2,20
35750;3,30;2,20
35760;3,30;2,20
35770;3,30;2,20
35780;3,30;2,20
35790;3,30;2,20
35800;3,30;2,20
35810;3,30;2,20
35820;3,30;2,20
35830;3,30;2,20
35840;3,30;2,20
35850;3,30;2,20
35860;3,29;2,20
35870;3,29;2,20
35880;3,29;2,21
35890;3,29;2,21
35900;3,29;2,21
35910;3,29;2,21
35920;3,29;2,21
35930;3,29;2,21
35940;3,29;2,21
35950;3,29;2,21
35960;3,29;2,21
35970;3,29;2,21
35980;3,29;2,21
35990;3,29;2,21
36000;3,28;2,21
36010;3,28;2,21
36020;3,28;2,21
36030;3,28;2,21
36040;3,28;2,22
36050;3,28;2,22
36060;3,28;2,22
36070;3,28;2,22
36080;3,28;2,22
36090;3,28;2,22
36100;3,28;2,22
36110;3,28;2,22
36120;3,28;2,22
36130;3,28;2,22
36140;3,28;2,22
36150;3,27;2,22
36160;3,27;2,22
36170;3,27;2,22
36180;3,27;2,22
36190;3,27;2,22
36200;3,27;2,23
36210;3,27;2,23
36220;3,27;2,23
36230;3,27;2,23
36240;3,27;2,23
36250;3,27;2,23
36260;3,27;2,23
36270;3,27;2,23
36280;3,27;2,23
36290;3,26;2,23
36300;3,26;2,23
36310;3,26;2,23
36320;3,26;2,23
36330;3,26;2,23
36340;3,26;2,23
36350;3,26;2,23
36360;3,26;2,23
36370;3,26;2,24
36380;3,26;2,24
36390;3,26;2,24
36400;3,26;2,24
36410;3,26;2,24
36420;3,26;2,24
36430;3,26;2,24
36440;3,25;2,24
36450;3,25;2,24
36460;3,25;2,24
36470;3,25;2,24
36480;3,25;2,24
36490;3,25;2,24
36500;3,25;2,24
36510;3,25;2,24
36520;3,25;2,24
36530;3,25;2,25
36540;3,25;2,25
36550;3,25;2,25
36560;3,25;2,25
36570;3,25;2,25
36580;3,25;2,25
36590;3,24;2,25
36600;3,24;2,25
36610;3,24;2,25
36620;3,24;2,25
36630;3,24;2,25
36640;3,24;2,25
36650;3,24;2,25
36660;3,24;2,25
36670;3,24;2,25
36680;3,24;2,25
36690;3,24;2,26
36700;3,24;2,26
36710;3,24;2,26
36720;3,24;2,26
36730;3,24;2,26
36740;3,23;2,26
36750;3,23;2,26
36760;3,23;2,26
36770;3,23;2,26
36780;3,23;2,26
36790;3,23;2,26
36800;3,23;2,26
36810;3,23;2,26
36820;3,23;2,26
36830;3,23;2,26
36840;3,23;2,26
36850;3,23;2,26
36860;3,23;2,27
36870;3,23;2,27
36880;3,23;2,27
36890;3,22;2,27
36900;3,22;2,27
36910;3,22;2,27
36920;3,22;2,27
36930;3,22;2,27
36940;3,22;2,27
36950;3,22;2,27
36960;3,22;2,27
36970;3,22;2,27
36980;3,22;2,27
36990;3,22;2,27
37000;3,22;2,27
37010;3,22;2,27
37020;3,22;2,28
37030;3,22;2,28
37040;3,21;2,28
37050;3,21;2,28
37060;3,21;2,28
37070;3,21;2,28
37080;3,21;2,28
37090;3,21;2,28
37100;3,21;2,28
37110;3,21;2,28
37120;3,21;2,28
37130;3,21;2,28
37140;3,21;2,28
37150;3,21;2,28
37160;3,21;2,28
37170;3,21;2,28
37180;3,21;2,29
37190;3,20;2,29
37200;3,20;2,29
37210;3,20;2,29
37220;3,20;2,29
37230;3,20;2,29
37240;3,20;2,29
37250;3,20;2,29
37260;3,20;2,29
37270;3,20;2,29
37280;3,20;2,29
37290;3,20;2,29
37300;3,20;2,29
37310;3,20;2,29
37320;3,20;2,29
37330;3,20;2,29
37340;3,19;2,30
37350;3,19;2,30
37360;3,19;2,30
37370;3,19;2,30
37380;3,19;2,30
37390;3,19;2,30
37400;3,19;2,30
37410;3,19;2,30
37420;3,19;2,30
37430;3,19;2,30
37440;3,19;2,30
37450;3,19;2,30
37460;3,19;2,30
37470;3,19;2,30
37480;3,19;2,30
37490;3,19;2,30
37500;3,18;2,30
37510;3,18;2,31
37520;3,18;2,31
37530;3,18;2,31
37540;3,18;2,31
37550;3,18;2,31
37560;3,18;2,31
37570;3,18;2,31
37580;3,18;2,31
37590;3,18;2,31
37600;3,18;2,31
37610;3,18;2,31
37620;3,18;2,31
37630;3,18;2,31
37640;3,18;2,31
37650;3,17;2,31
37660;3,17;2,31
37670;3,17;2,32
37680;3,17;2,32
37690;3,17;2,32
37700;3,17;2,32
37710;3,17;2,32
37720;3,17;2,32
37730;3,17;2,32
37740;3,17;2,32
37750;3,17;2,32
37760;3,17;2,32
37770;3,17;2,32
37780;3,17;2,32
37790;3,17;2,32
37800;3,17;2,32
37810;3,16;2,32
37820;3,16;2,32
37830;3,16;2,33
37840;3,16;2,33
37850;3,16;2,33
37860;3,16;2,33
37870;3,16;2,33
37880;3,16;2,33
37890;3,16;2,33
37900;3,16;2,33
37910;3,16;2,33
37920;3,16;2,33
37930;3,16;2,33
37940;3,16;2,33
37950;3,16;2,33
37960;3,15;2,33
37970;3,15;2,33
37980;3,15;2,33
37990;3,15;2,34
38000;3,15;2,34
38010;3,15;2,34
38020;3,15;2,34
38030;3,15;2,34
38040;3,15;2,34
38050;3,15;2,34
38060;3,15;2,34
38070;3,15;2,34
38080;3,15;2,34
38090;3,15;2,34
38100;3,15;2,34
38110;3,15;2,34
38120;3,14;2,34
38130;3,14;2,34
38140;3,14;2,34
38150;3,14;2,34
38160;3,14;2,35
38170;3,14;2,35
38180;3,14;2,35
38190;3,14;2,35
38200;3,14;2,35
38210;3,14;2,35
38220;3,14;2,35
38230;3,14;2,35
38240;3,14;2,35
38250;3,14;2,35
38260;3,14;2,35
38270;3,14;2,35
38280;3,13;2,35
38290;3,13;2,35
38300;3,13;2,35
38310;3,13;2,35
38320;3,13;2,36
38330;3,13;2,36
38340;3,13;2,36
38350;3,13;2,36
38360;3,13;2,36
38370;3,13;2,36
38380;3,13;2,36
38390;3,13;2,36
38400;3,13;2,36
38410;3,13;2,36
38420;3,13;2,36
38430;3,13;2,36
38440;3,12;2,36
38450;3,12;2,36
38460;3,12;2,36
38470;3,12;2,36
38480;3,12;2,37
38490;3,12;2,37
38500;3,12;2,37
38510;3,12;2,37
38520;3,12;2,37
38530;3,12;2,37
38540;3,12;2,37
38550;3,12;2,37
38560;3,12;2,37
38570;3,12;2,37
38580;3,12;2,37
38590;3,12;2,37
38600;3,11;2,37
38610;3,11;2,37
38620;3,11;2,37
38630;3,11;2,37
38640;3,11;2,38
38650;3,11;2,38
38660;3,11;2,38
38670;3,11;2,38
38680;3,11;2,38
38690;3,11;2,38
38700;3,11;2,38
38710;3,11;2,38
38720;3,11;2,38
38730;3,11;2,38
38740;3,11;2,38
38750;3,11;2,38
38760;3,11;2,38
38770;3,10;2,38
38780;3,10;2,38
38790;3,10;2,38
38800;3,10;2,38
38810;3,10;2,39
38820;3,10;2,39
38830;3,10;2,39
38840;3,10;2,39
38850;3,10;2,39
38860;3,10;2,39
38870;3,10;2,39
38880;3,10;2,39
38890;3,10;2,39
38900;3,10;2,39
38910;3,10;2,39
38920;3,10;2,39
38930;3,09;2,39
38940;3,09;2,39
38950;3,09;2,39
38960;3,09;2,39
38970;3,09;2,40
38980;3,09;2,40
38990;3,09;2,40
39000;3,09;2,40
39010;3,09;2,40
39020;3,09;2,40
39030;3,09;2,40
39040;3,09;2,40
39050;3,09;2,40
39060;3,09;2,40
39070;3,09;2,40
39080;3,09;2,40
39090;3,08;2,40
39100;3,08;2,40
39110;3,08;2,40
39120;3,08;2,40
39130;3,08;2,41
39140;3,08;2,41
39150;3,08;2,41
39160;3,08;2,41
39170;3,08;2,41
39180;3,08;2,41
39190;3,08;2,41
39200;3,08;2,41
39210;3,08;2,41
39220;3,08;2,41
39230;3,08;2,41
39240;3,08;2,41
39250;3,08;2,41
39260;3,07;2,41
39270;3,07;2,41
39280;3,07;2,41
39290;3,07;2,41
39300;3,07;2,42
39310;3,07;2,42
39320;3,07;2,42
39330;3,07;2,42
39340;3,07;2,42
39350;3,07;2,42
39360;3,07;2,42
39370;3,07;2,42
39380;3,07;2,42
39390;3,07;2,42
39400;3,07;2,42
39410;3,07;2,42
39420;3,07;2,42
39430;3,06;2,42
39440;3,06;2,42
39450;3,06;2,42
39460;3,06;2,43
39470;3,06;2,43
39480;3,06;2,43
39490;3,06;2,43
39500;3,06;2,43
39510;3,06;2,43
39520;3,06;2,43
39530;3,06;2,43
39540;3,06;2,43
39550;3,06;2,43
39560;3,06;2,43
39570;3,06;2,43
39580;3,06;2,43
39590;3,06;2,43
39600;3,05;2,43
39610;3,05;2,43
39620;3,05;2,44
39630;3,05;2,44
39640;3,05;2,44
39650;3,05;2,44
39660;3,05;2,44
39670;3,05;2,44
39680;3,05;2,44
39690;3,05;2,44
39700;3,05;2,44
39710;3,05;2,44
39720;3,05;2,44
39730;3,05;2,44
39740;3,05;2,44
39750;3,05;2,44
39760;3,05;2,44
39770;3,04;2,44
39780;3,04;2,45
39790;3,04;2,45
39800;3,04;2,45
39810;3,04;2,45
39820;3,04;2,45
39830;3,04;2,45
39840;3,04;2,45
39850;3,04;2,45
39860;3,04;2,45
39870;3,04;2,45
39880;3,04;2,45
39890;3,04;2,45
39900;3,04;2,45
39910;3,04;2,45
39920;3,04;2,45
39930;3,04;2,45
39940;3,03;2,45
39950;3,03;2,46
39960;3,03;2,46
39970;3,03;2,46
39980;3,03;2,46
39990;3,03;2,46
40000;3,03;2,46
40010;3,03;2,46
40020;3,03;2,46
40030;3,03;2,46
40040;3,03;2,46
40050;3,03;2,46
40060;3,03;2,46
40070;3,03;2,46
40080;3,03;2,46
40090;3,03;2,46
40100;3,03;2,46
40110;3,02;2,47
40120;3,02;2,47
40130;3,02;2,47
40140;3,02;2,47
40150;3,02;2,47
40160;3,02;2,47
40170;3,02;2,47
40180;3,02;2,47
40190;3,02;2,47
40200;3,02;2,47
40210;3,02;2,47
40220;3,02;2,47
40230;3,02;2,47
40240;3,02;2,47
40250;3,02;2,47
40260;3,02;2,47
40270;3,02;2,48
40280;3,01;2,48
40290;3,01;2,48
40300;3,01;2,48
40310;3,01;2,48
40320;3,01;2,48
40330;3,01;2,48
40340;3,01;2,48
40350;3,01;2,48
40360;3,01;2,48
40370;3,01;2,48
40380;3,01;2,48
40390;3,01;2,48
40400;3,01;2,48
40410;3,01;2,48
40420;3,01;2,48
40430;3,01;2,49
40440;3,01;2,49
40450;3,00;2,49
40460;3,00;2,49
40470;3,00;2,49
40480;3,00;2,49
40490;3,00;2,49
40500;3,00;2,49
40510;3,00;2,49
40520;3,00;2,49
40530;3,00;2,49
40540;3,00;2,49
40550;3,00;2,49
40560;3,00;2,49
40570;3,00;2,49
40580;3,00;2,49
40590;3,00;2,49
40600;3,00;2,50
40610;3,00;2,50
40620;3,00;2,50
40630;2,99;2,50
40640;2,99;2,50
40650;2,99;2,50
40660;2,99;2,50
40670;2,99;2,50
40680;2,99;2,50
40690;2,99;2,50
40700;2,99;2,50
40710;2,99;2,50
40720;2,99;2,50
40730;2,99;2,50
40740;2,99;2,50
40750;2,99;2,50
40760;2,99;2,51
40770;2,99;2,51
40780;2,99;2,51
40790;2,99;2,51
40800;2,99;2,51
40810;2,98;2,51
40820;2,98;2,51
40830;2,98;2,51
40840;2,98;2,51
40850;2,98;2,51
40860;2,98;2,51
40870;2,98;2,51
40880;2,98;2,51
40890;2,98;2,51
40900;2,98;2,51
40910;2,98;2,51
40920;2,98;2,52
40930;2,98;2,52
40940;2,98;2,52
40950;2,98;2,52
40960;2,98;2,52
40970;2,98;2,52
40980;2,97;2,52
40990;2,97;2,52
41000;2,97;2,52
41010;2,97;2,52
41020;2,97;2,52
41030;2,97;2,52
41040;2,97;2,52
41050;2,97;2,52
41060;2,97;2,52
41070;2,97;2,52
41080;2,97;2,52
41090;2,97;2,53
41100;2,97;2,53
41110;2,97;2,53
41120;2,97;2,53
41130;2,97;2,53
41140;2,97;2,53
41150;2,97;2,53
41160;2,96;2,53
41170;2,96;2,53
41180;2,96;2,53
41190;2,96;2,53
41200;2,96;2,53
41210;2,96;2,53
41220;2,96;2,53
41230;2,96;2,53
41240;2,96;2,53
41250;2,96;2,54
41260;2,96;2,54
41270;2,96;2,54
41280;2,96;2,54
41290;2,96;2,54
41300;2,96;2,54
41310;2,96;2,54
41320;2,96;2,54
41330;2,96;2,54
41340;2,95;2,54
41350;2,95;2,54
41360;2,95;2,54
41370;2,95;2,54
41380;2,95;2,54
41390;2,95;2,54
41400;2,95;2,54
41410;2,95;2,55
41420;2,95;2,55
41430;2,95;2,55
41440;2,95;2,55
41450;2,95;2,55
41460;2,95;2,55
41470;2,95;2,55
41480;2,95;2,55
41490;2,95;2,55
41500;2,95;2,55
41510;2,95;2,55
41520;2,94;2,55
41530;2,94;2,55
41540;2,94;2,55
41550;2,94;2,55
41560;2,94;2,55
41570;2,94;2,56
41580;2,94;2,56
41590;2,94;2,56
41600;2,94;2,56
41610;2,94;2,56
41620;2,94;2,56
41630;2,94;2,56
41640;2,94;2,56
41650;2,94;2,56
41660;2,94;2,56
41670;2,94;2,56
41680;2,94;2,56
41690;2,94;2,56
41700;2,94;2,56
41710;2,93;2,56
41720;2,93;2,56
41730;2,93;2,56
41740;2,93;2,57
41750;2,93;2,57
41760;2,93;2,57
41770;2,93;2,57
41780;2,93;2,57
41790;2,93;2,57
41800;2,93;2,57
41810;2,93;2,57
41820;2,93;2,57
41830;2,93;2,57
41840;2,93;2,57
41850;2,93;2,57
41860;2,93;2,57
41870;2,93;2,57
41880;2,93;2,57
41890;2,92;2,57
41900;2,92;2,58
41910;2,92;2,58
41920;2,92;2,58
41930;2,92;2,58
41940;2,92;2,58
41950;2,92;2,58
41960;2,92;2,58
41970;2,92;2,58
41980;2,92;2,58
41990;2,92;2,58
42000;2,92;2,58
42010;2,92;2,58
42020;2,92;2,58
42030;2,92;2,58
42040;2,92;2,58
42050;2,92;2,58
42060;2,92;2,59
42070;2,92;2,59
42080;2,91;2,59
42090;2,91;2,59
42100;2,91;2,59
42110;2,91;2,59
42120;2,91;2,59
42130;2,91;2,59
42140;2,91;2,59
42150;2,91;2,59
42160;2,91;2,59
42170;2,91;2,59
42180;2,91;2,59
42190;2,91;2,59
42200;2,91;2,59
42210;2,91;2,59
42220;2,91;2,60
42230;2,91;2,60
42240;2,91;2,60
42250;2,91;2,60
42260;2,90;2,60
42270;2,90;2,60
42280;2,90;2,60
42290;2,90;2,60
42300;2,90;2,60
42310;2,90;2,60
42320;2,90;2,60
42330;2,90;2,60
42340;2,90;2,60
42350;2,90;2,60
42360;2,90;2,60
42370;2,90;2,60
42380;2,90;2,60
42390;2,90;2,61
42400;2,90;2,61
42410;2,90;2,61
42420;2,90;2,61
42430;2,90;2,61
42440;2,90;2,61
42450;2,89;2,61
42460;2,89;2,61
42470;2,89;2,61
42480;2,89;2,61
42490;2,89;2,61
42500;2,89;2,61
42510;2,89;2,61
42520;2,89;2,61
42530;2,89;2,61
42540;2,89;2,61
42550;2,89;2,62
42560;2,89;2,62
42570;2,89;2,62
42580;2,89;2,62
42590;2,89;2,62
42600;2,89;2,62
42610;2,89;2,62
42620;2,89;2,62
42630;2,89;2,62
42640;2,88;2,62
42650;2,88;2,62
42660;2,88;2,62
42670;2,88;2,62
42680;2,88;2,62
42690;2,88;2,62
42700;2,88;2,62
42710;2,88;2,63
42720;2,88;2,63
42730;2,88;2,63
42740;2,88;2,63
42750;2,88;2,63
42760;2,88;2,63
42770;2,88;2,63
42780;2,88;2,63
42790;2,88;2,63
42800;2,88;2,63
42810;2,88;2,63
42820;2,88;2,63
42830;2,87;2,63
42840;2,87;2,63
42850;2,87;2,63
42860;2,87;2,63
42870;2,87;2,64
42880;2,87;2,64
42890;2,87;2,64
42900;2,87;2,64
42910;2,87;2,64
42920;2,87;2,64
42930;2,87;2,64
42940;2,87;2,64
42950;2,87;2,64
42960;2,87;2,64
42970;2,87;2,64
42980;2,87;2,64
42990;2,87;2,64
43000;2,87;2,64
43010;2,87;2,64
43020;2,86;2,64
43030;2,86;2,64
43040;2,86;2,65
43050;2,86;2,65
43060;2,86;2,65
43070;2,86;2,65
43080;2,86;2,65
43090;2,86;2,65
43100;2,86;2,65
43110;2,86;2,65
43120;2,86;2,65
43130;2,86;2,65
43140;2,86;2,65
43150;2,86;2,65
43160;2,86;2,65
43170;2,86;2,65
43180;2,86;2,65
43190;2,86;2,65
43200;2,86;2,66
43210;2,86;2,66
43220;2,85;2,66
43230;2,85;2,66
43240;2,85;2,66
43250;2,85;2,66
43260;2,85;2,66
43270;2,85;2,66
43280;2,85;2,66
43290;2,85;2,66
43300;2,85;2,66
43310;2,85;2,66
43320;2,85;2,66
43330;2,85;2,66
43340;2,85;2,66
43350;2,85;2,66
43360;2,85;2,67
43370;2,85;2,67
43380;2,85;2,67
43390;2,85;2,67
43400;2,85;2,67
43410;2,84;2,67
43420;2,84;2,67
43430;2,84;2,67
43440;2,84;2,67
43450;2,84;2,67
43460;2,84;2,67
43470;2,84;2,67
43480;2,84;2,67
43490;2,84;2,67
43500;2,84;2,67
43510;2,84;2,67
43520;2,84;2,67
43530;2,84;2,68
43540;2,84;2,68
43550;2,84;2,68
43560;2,84;2,68
43570;2,84;2,68
43580;2,84;2,68
43590;2,84;2,68
43600;2,84;2,68
43610;2,83;2,68
43620;2,83;2,68
43630;2,83;2,68
43640;2,83;2,68
43650;2,83;2,68
43660;2,83;2,68
43670;2,83;2,68
43680;2,83;2,68
43690;2,83;2,69
43700;2,83;2,69
43710;2,83;2,69
43720;2,83;2,69
43730;2,83;2,69
43740;2,83;2,69
43750;2,83;2,69
43760;2,83;2,69
43770;2,83;2,69
43780;2,83;2,69
43790;2,83;2,69
43800;2,83;2,69
43810;2,82;2,69
43820;2,82;2,69
43830;2,82;2,69
43840;2,82;2,69
43850;2,82;2,70
43860;2,82;2,70
43870;2,82;2,70
43880;2,82;2,70
43890;2,82;2,70
43900;2,82;2,70
43910;2,82;2,70
43920;2,82;2,70
43930;2,82;2,70
43940;2,82;2,70
43950;2,82;2,70
43960;2,82;2,70
43970;2,82;2,70
43980;2,82;2,70
43990;2,82;2,70
44000;2,82;2,70
44010;2,81;2,71
44020;2,81;2,71
44030;2,81;2,71
44040;2,81;2,71
44050;2,81;2,71
44060;2,81;2,71
44070;2,81;2,71
44080;2,81;2,71
44090;2,81;2,71
44100;2,81;2,71
44110;2,81;2,71
44120;2,81;2,71
44130;2,81;2,71
44140;2,81;2,71
44150;2,81;2,71
44160;2,81;2,71
44170;2,81;2,71
44180;2,81;2,72
44190;2,81;2,72
44200;2,81;2,72
44210;2,80;2,72
44220;2,80;2,72
44230;2,80;2,72
44240;2,80;2,72
44250;2,80;2,72
44260;2,80;2,72
44270;2,80;2,72
44280;2,80;2,72
44290;2,80;2,72
44300;2,80;2,72
44310;2,80;2,72
44320;2,80;2,72
44330;2,80;2,72
44340;2,80;2,73
44350;2,80;2,73
44360;2,80;2,73
44370;2,80;2,73
44380;2,80;2,73
44390;2,80;2,73
44400;2,80;2,73
44410;2,79;2,73
44420;2,79;2,73
44430;2,79;2,73
44440;2,79;2,73
44450;2,79;2,73
44460;2,79;2,73
44470;2,79;2,73
44480;2,79;2,73
44490;2,79;2,73
44500;2,79;2,74
44510;2,79;2,74
44520;2,79;2,74
44530;2,79;2,74
44540;2,79;2,74
44550;2,79;2,74
44560;2,79;2,74
44570;2,79;2,74
44580;2,79;2,74
44590;2,79;2,74
44600;2,79;2,74
44610;2,78;2,74
44620;2,78;2,74
44630;2,78;2,74
44640;2,78;2,74
44650;2,78;2,74
44660;2,78;2,75
44670;2,78;2,75
44680;2,78;2,75
44690;2,78;2,75
44700;2,78;2,75
44710;2,78;2,75
44720;2,78;2,75
44730;2,78;2,75
44740;2,78;2,75
44750;2,78;2,75
44760;2,78;2,75
44770;2,78;2,75
44780;2,78;2,75
44790;2,78;2,75
44800;2,78;2,75
44810;2,78;2,75
44820;2,77;2,75
44830;2,77;2,76
44840;2,77;2,76
44850;2,77;2,76
44860;2,77;2,76
44870;2,77;2,76
44880;2,77;2,76
44890;2,77;2,76
44900;2,77;2,76
44910;2,77;2,76
44920;2,77;2,76
44930;2,77;2,76
44940;2,77;2,76
44950;2,77;2,76
44960;2,77;2,76
44970;2,77;2,76
44980;2,77;2,76
44990;2,77;2,77
45000;2,77;2,77
45010;2,77;
45020;2,76;
45030;2,76;
45040;2,76;
45050;2,76;
45060;2,76;
45070;2,76;
45080;2,76;
45090;2,76;
45100;2,76;
45110;2,76;
45120;2,76;
45130;2,76;
45140;2,76;
45150;2,76;
45160;2,76;
45170;2,76;
45180;2,76;
45190;2,76;
45200;2,76;
45210;2,76;
45220;2,76;
45230;2,75;
45240;2,75;
45250;2,75;
45260;2,75;
45270;2,75;
45280;2,75;
45290;2,75;
45300;2,75;
45310;2,75;
45320;2,75;
45330;2,75;
45340;2,75;
45350;2,75;
45360;2,75;
45370;2,75;
45380;2,75;
45390;2,75;
45400;2,75;
45410;2,75;
45420;2,75;
45430;2,75;
45440;2,74;
45450;2,74;
45460;2,74;
45470;2,74;
45480;2,74;
45490;2,74;
45500;2,74;
45510;2,74;
45520;2,74;
45530;2,74;
45540;2,74;
45550;2,74;
45560;2,74;
45570;2,74;
45580;2,74;
45590;2,74;
45600;2,74;
45610;2,74;
45620;2,74;
45630;2,74;
45640;2,74;
45650;2,73;
45660;2,73;
45670;2,73;
45680;2,73;
45690;2,73;
45700;2,73;
45710;2,73;
45720;2,73;
45730;2,73;
45740;2,73;
45750;2,73;
45760;2,73;
45770;2,73;
45780;2,73;
45790;2,73;
45800;2,73;
45810;2,73;
45820;2,73;
45830;2,73;
45840;2,73;
45850;2,73;
45860;2,73;
45870;2,72;
45880;2,72;
45890;2,72;
45900;2,72;
45910;2,72;
45920;2,72;
45930;2,72;
45940;2,72;
45950;2,72;
45960;2,72;
45970;2,72;
45980;2,72;
45990;2,72;
46000;2,72;
46010;2,72;
46020;2,72;
46030;2,72;
46040;2,72;
46050;2,72;
46060;2,72;
46070;2,72;
46080;2,71;
46090;2,71;
46100;2,71;
46110;2,71;
46120;2,71;
46130;2,71;
46140;2,71;
46150;2,71;
46160;2,71;
46170;2,71;
46180;2,71;
46190;2,71;
46200;2,71;
46210;2,71;
46220;2,71;
46230;2,71;
46240;2,71;
46250;2,71;
46260;2,71;
46270;2,71;
46280;2,71;
46290;2,71;
46300;2,70;
46310;2,70;
46320;2,70;
46330;2,70;
46340;2,70;
46350;2,70;
46360;2,70;
46370;2,70;
46380;2,70;
46390;2,70;
46400;2,70;
46410;2,70;
46420;2,70;
46430;2,70;
46440;2,70;
46450;2,70;
46460;2,70;
46470;2,70;
46480;2,70;
46490;2,70;
46500;2,70;
46510;2,70;
46520;2,69;
46530;2,69;
46540;2,69;
46550;2,69;
46560;2,69;
46570;2,69;
46580;2,69;
46590;2,69;
46600;2,69;
46610;2,69;
46620;2,69;
46630;2,69;
46640;2,69;
46650;2,69;
46660;2,69;
46670;2,69;
46680;2,69;
46690;2,69;
46700;2,69;
46710;2,69;
46720;2,69;
46730;2,69;
46740;2,68;
46750;2,68;
46760;2,68;
46770;2,68;
46780;2,68;
46790;2,68;
46800;2,68;
46810;2,68;
46820;2,68;
46830;2,68;
46840;2,68;
46850;2,68;
46860;2,68;
46870;2,68;
46880;2,68;
46890;2,68;
46900;2,68;
46910;2,68;
46920;2,68;
46930;2,68;
46940;2,68;
46950;2,68;
46960;2,67;
46970;2,67;
46980;2,67;
46990;2,67;
47000;2,67;
47010;2,67;
47020;2,67;
47030;2,67;
47040;2,67;
47050;2,67;
47060;2,67;
47070;2,67;
47080;2,67;
47090;2,67;
47100;2,67;
47110;2,67;
47120;2,67;
47130;2,67;
47140;2,67;
47150;2,67;
47160;2,67;
47170;2,67;
47180;2,66;
47190;2,66;
47200;2,66;
47210;2,66;
47220;2,66;
47230;2,66;
47240;2,66;
47250;2,66;
47260;2,66;
47270;2,66;
47280;2,66;
47290;2,66;
47300;2,66;
47310;2,66;
47320;2,66;
47330;2,66;
47340;2,66;
47350;2,66;
47360;2,66;
47370;2,66;
47380;2,66;
47390;2,66;
47400;2,66;
47410;2,65;
47420;2,65;
47430;2,65;
47440;2,65;
47450;2,65;
47460;2,65;
47470;2,65;
47480;2,65;
47490;2,65;
47500;2,65;
47510;2,65;
47520;2,65;
47530;2,65;
47540;2,65;
47550;2,65;
47560;2,65;
47570;2,65;
47580;2,65;
47590;2,65;
47600;2,65;
47610;2,65;
47620;2,65;
47630;2,64;
47640;2,64;
47650;2,64;
47660;2,64;
47670;2,64;
47680;2,64;
47690;2,64;
47700;2,64;
47710;2,64;
47720;2,64;
47730;2,64;
47740;2,64;
47750;2,64;
47760;2,64;
47770;2,64;
47780;2,64;
47790;2,64;
47800;2,64;
47810;2,64;
47820;2,64;
47830;2,64;
47840;2,64;
47850;2,64;
47860;2,63;
47870;2,63;
47880;2,63;
47890;2,63;
47900;2,63;
47910;2,63;
47920;2,63;
47930;2,63;
47940;2,63;
47950;2,63;
47960;2,63;
47970;2,63;
47980;2,63;
47990;2,63;
48000;2,63;
48010;2,63;
48020;2,63;
48030;2,63;
48040;2,63;
48050;2,63;
48060;2,63;
48070;2,63;
48080;2,63;
48090;2,62;
48100;2,62;
48110;2,62;
48120;2,62;
48130;2,62;
48140;2,62;
48150;2,62;
48160;2,62;
48170;2,62;
48180;2,62;
48190;2,62;
48200;2,62;
48210;2,62;
48220;2,62;
48230;2,62;
48240;2,62;
48250;2,62;
48260;2,62;
48270;2,62;
48280;2,62;
48290;2,62;
48300;2,62;
48310;2,62;
48320;2,61;
48330;2,61;
48340;2,61;
48350;2,61;
48360;2,61;
48370;2,61;
48380;2,61;
48390;2,61;
48400;2,61;
48410;2,61;
48420;2,61;
48430;2,61;
48440;2,61;
48450;2,61;
48460;2,61;
48470;2,61;
48480;2,61;
48490;2,61;
48500;2,61;
48510;2,61;
48520;2,61;
48530;2,61;
48540;2,61;
48550;2,61;
48560;2,60;
48570;2,60;
48580;2,60;
48590;2,60;
48600;2,60;
48610;2,60;
48620;2,60;
48630;2,60;
48640;2,60;
48650;2,60;
48660;2,60;
48670;2,60;
48680;2,60;
48690;2,60;
48700;2,60;
48710;2,60;
48720;2,60;
48730;2,60;
48740;2,60;
48750;2,60;
48760;2,60;
48770;2,60;
48780;2,60;
48790;2,59;
48800;2,59;
48810;2,59;
48820;2,59;
48830;2,59;
48840;2,59;
48850;2,59;
48860;2,59;
48870;2,59;
48880;2,59;
48890;2,59;
48900;2,59;
48910;2,59;
48920;2,59;
48930;2,59;
48940;2,59;
48950;2,59;
48960;2,59;
48970;2,59;
48980;2,59;
48990;2,59;
49000;2,59;
49010;2,59;
49020;2,59;
49030;2,58;
49040;2,58;
49050;2,58;
49060;2,58;
49070;2,58;
49080;2,58;
49090;2,58;
49100;2,58;
49110;2,58;
49120;2,58;
49130;2,58;
49140;2,58;
49150;2,58;
49160;2,58;
49170;2,58;
49180;2,58;
49190;2,58;
49200;2,58;
49210;2,58;
49220;2,58;
49230;2,58;
49240;2,58;
49250;2,58;
49260;2,58;
49270;2,57;
49280;2,57;
49290;2,57;
49300;2,57;
49310;2,57;
49320;2,57;
49330;2,57;
49340;2,57;
49350;2,57;
49360;2,57;
49370;2,57;
49380;2,57;
49390;2,57;
49400;2,57;
49410;2,57;
49420;2,57;
49430;2,57;
49440;2,57;
49450;2,57;
49460;2,57;
49470;2,57;
49480;2,57;
49490;2,57;
49500;2,57;
49510;2,56;
49520;2,56;
49530;2,56;
49540;2,56;
49550;2,56;
49560;2,56;
49570;2,56;
49580;2,56;
49590;2,56;
49600;2,56;
49610;2,56;
49620;2,56;
49630;2,56;
49640;2,56;
49650;2,56;
49660;2,56;
49670;2,56;
49680;2,56;
49690;2,56;
49700;2,56;
49710;2,56;
49720;2,56;
49730;2,56;
49740;2,56;
49750;2,56;
49760;2,55;
49770;2,55;
49780;2,55;
49790;2,55;
49800;2,55;
49810;2,55;
49820;2,55;
49830;2,55;
49840;2,55;
49850;2,55;
49860;2,55;
49870;2,55;
49880;2,55;
49890;2,55;
49900;2,55;
49910;2,55;
49920;2,55;
49930;2,55;
49940;2,55;
49950;2,55;
49960;2,55;
49970;2,55;
49980;2,55;
49990;2,55;
50000;2,54;
50010;2,54;
50020;2,54;
50030;2,54;
50040;2,54;
50050;2,54;
50060;2,54;
50070;2,54;
50080;2,54;
50090;2,54;
50100;2,54;
50110;2,54;
50120;2,54;
50130;2,54;
50140;2,54;
50150;2,54;
50160;2,54;
50170;2,54;
50180;2,54;
50190;2,54;
50200;2,54;
50210;2,54;
50220;2,54;
50230;2,54;
50240;2,54;
50250;2,53;
50260;2,53;
50270;2,53;
50280;2,53;
50290;2,53;
50300;2,53;
50310;2,53;
50320;2,53;
50330;2,53;
50340;2,53;
50350;2,53;
50360;2,53;
50370;2,53;
50380;2,53;
50390;2,53;
50400;2,53;
50410;2,53;
50420;2,53;
50430;2,53;
50440;2,53;
50450;2,53;
50460;2,53;
50470;2,53;
50480;2,53;
50490;2,53;
50500;2,52;
50510;2,52;
50520;2,52;
50530;2,52;
50540;2,52;
50550;2,52;
50560;2,52;
50570;2,52;
50580;2,52;
50590;2,52;
50600;2,52;
50610;2,52;
50620;2,52;
50630;2,52;
50640;2,52;
50650;2,52;
50660;2,52;
50670;2,52;
50680;2,52;
50690;2,52;
50700;2,52;
50710;2,52;
50720;2,52;
50730;2,52;
50740;2,52;
50750;2,51;
50760;2,51;
50770;2,51;
50780;2,51;
50790;2,51;
50800;2,51;
50810;2,51;
50820;2,51;
50830;2,51;
50840;2,51;
50850;2,51;
50860;2,51;
50870;2,51;
50880;2,51;
50890;2,51;
50900;2,51;
50910;2,51;
50920;2,51;
50930;2,51;
50940;2,51;
50950;2,51;
50960;2,51;
50970;2,51;
50980;2,51;
50990;2,51;
51000;2,50;
51010;2,50;
51020;2,50;
51030;2,50;
51040;2,50;
51050;2,50;
51060;2,50;
51070;2,50;
51080;2,50;
51090;2,50;
51100;2,50;
51110;2,50;
51120;2,50;
51130;2,50;
51140;2,50;
51150;2,50;
51160;2,50;
51170;2,50;
51180;2,50;
51190;2,50;
51200;2,50;
51210;2,50;
51220;2,50;
51230;2,50;
51240;2,50;
51250;2,50;
51260;2,49;
51270;2,49;
51280;2,49;
51290;2,49;
51300;2,49;
51310;2,49;
51320;2,49;
51330;2,49;
51340;2,49;
51350;2,49;
51360;2,49;
51370;2,49;
51380;2,49;
51390;2,49;
51400;2,49;
51410;2,49;
51420;2,49;
51430;2,49;
51440;2,49;
51450;2,49;
51460;2,49;
51470;2,49;
51480;2,49;
51490;2,49;
51500;2,49;
51510;2,49;
51520;2,48;
51530;2,48;
51540;2,48;
51550;2,48;
51560;2,48;
51570;2,48;
51580;2,48;
51590;2,48;
51600;2,48;
51610;2,48;
51620;2,48;
51630;2,48;
51640;2,48;
51650;2,48;
51660;2,48;
51670;2,48;
51680;2,48;
51690;2,48;
51700;2,48;
51710;2,48;
51720;2,48;
51730;2,48;
51740;2,48;
51750;2,48;
51760;2,48;
51770;2,48;
51780;2,47;
51790;2,47;
51800;2,47;
51810;2,47;
51820;2,47;
51830;2,47;
51840;2,47;
51850;2,47;
51860;2,47;
51870;2,47;
51880;2,47;
51890;2,47;
51900;2,47;
51910;2,47;
51920;2,47;
51930;2,47;
51940;2,47;
51950;2,47;
51960;2,47;
51970;2,47;
51980;2,47;
51990;2,47;
52000;2,47;
52010;2,47;
52020;2,47;
52030;2,47;
52040;2,46;
52050;2,46;
52060;2,46;
52070;2,46;
52080;2,46;
52090;2,46;
52100;2,46;
52110;2,46;
52120;2,46;
52130;2,46;
52140;2,46;
52150;2,46;
52160;2,46;
52170;2,46;
52180;2,46;
52190;2,46;
52200;2,46;
52210;2,46;
52220;2,46;
52230;2,46;
52240;2,46;
52250;2,46;
52260;2,46;
52270;2,46;
52280;2,46;
52290;2,46;
52300;2,46;
52310;2,45;
52320;2,45;
52330;2,45;
52340;2,45;
52350;2,45;
52360;2,45;
52370;2,45;
52380;2,45;
52390;2,45;
52400;2,45;
52410;2,45;
52420;2,45;
52430;2,45;
52440;2,45;
52450;2,45;
52460;2,45;
52470;2,45;
52480;2,45;
52490;2,45;
52500;2,45;
52510;2,45;
52520;2,45;
52530;2,45;
52540;2,45;
52550;2,45;
52560;2,45;
52570;2,44;
52580;2,44;
52590;2,44;
52600;2,44;
52610;2,44;
52620;2,44;
52630;2,44;
52640;2,44;
52650;2,44;
52660;2,44;
52670;2,44;
52680;2,44;
52690;2,44;
52700;2,44;
52710;2,44;
52720;2,44;
52730;2,44;
52740;2,44;
52750;2,44;
52760;2,44;
52770;2,44;
52780;2,44;
52790;2,44;
52800;2,44;
52810;2,44;
52820;2,44;
52830;2,44;
52840;2,43;
52850;2,43;
52860;2,43;
52870;2,43;
52880;2,43;
52890;2,43;
52900;2,43;
52910;2,43;
52920;2,43;
52930;2,43;
52940;2,43;
52950;2,43;
52960;2,43;
52970;2,43;
52980;2,43;
52990;2,43;
53000;2,43;
53010;2,43;
53020;2,43;
53030;2,43;
53040;2,43;
53050;2,43;
53060;2,43;
53070;2,43;
53080;2,43;
53090;2,43;
53100;2,43;
53110;2,42;
53120;2,42;
53130;2,42;
53140;2,42;
53150;2,42;
53160;2,42;
53170;2,42;
53180;2,42;
53190;2,42;
53200;2,42;
53210;2,42;
53220;2,42;
53230;2,42;
53240;2,42;
53250;2,42;
53260;2,42;
53270;2,42;
53280;2,42;
53290;2,42;
53300;2,42;
53310;2,42;
53320;2,42;
53330;2,42;
53340;2,42;
53350;2,42;
53360;2,42;
53370;2,42;
53380;2,42;
53390;2,41;
53400;2,41;
53410;2,41;
53420;2,41;
53430;2,41;
53440;2,41;
53450;2,41;
53460;2,41;
53470;2,41;
53480;2,41;
53490;2,41;
53500;2,41;
53510;2,41;
53520;2,41;
53530;2,41;
53540;2,41;
53550;2,41;
53560;2,41;
53570;2,41;
53580;2,41;
53590;2,41;
53600;2,41;
53610;2,41;
53620;2,41;
53630;2,41;
53640;2,41;
53650;2,41;
53660;2,40;
53670;2,40;
53680;2,40;
53690;2,40;
53700;2,40;
53710;2,40;
53720;2,40;
53730;2,40;
53740;2,40;
53750;2,40;
53760;2,40;
53770;2,40;
53780;2,40;
53790;2,40;
53800;2,40;
53810;2,40;
53820;2,40;
53830;2,40;
53840;2,40;
53850;2,40;
53860;2,40;
53870;2,40;
53880;2,40;
53890;2,40;
53900;2,40;
53910;2,40;
53920;2,40;
53930;2,40;
53940;2,39;
53950;2,39;
53960;2,39;
53970;2,39;
53980;2,39;
53990;2,39;
54000;2,39;
54010;2,39;
54020;2,39;
54030;2,39;
54040;2,39;
54050;2,39;
54060;2,39;
54070;2,39;
54080;2,39;
54090;2,39;
54100;2,39;
54110;2,39;
54120;2,39;
54130;2,39;
54140;2,39;
54150;2,39;
54160;2,39;
54170;2,39;
54180;2,39;
54190;2,39;
54200;2,39;
54210;2,39;
54220;2,38;
54230;2,38;
54240;2,38;
54250;2,38;
54260;2,38;
54270;2,38;
54280;2,38;
54290;2,38;
54300;2,38;
54310;2,38;
54320;2,38;
54330;2,38;
54340;2,38;
54350;2,38;
54360;2,38;
54370;2,38;
54380;2,38;
54390;2,38;
54400;2,38;
54410;2,38;
54420;2,38;
54430;2,38;
54440;2,38;
54450;2,38;
54460;2,38;
54470;2,38;
54480;2,38;
54490;2,38;
54500;2,37;
54510;2,37;
54520;2,37;
54530;2,37;
54540;2,37;
54550;2,37;
54560;2,37;
54570;2,37;
54580;2,37;
54590;2,37;
54600;2,37;
54610;2,37;
54620;2,37;
54630;2,37;
54640;2,37;
54650;2,37;
54660;2,37;
54670;2,37;
54680;2,37;
54690;2,37;
54700;2,37;
54710;2,37;
54720;2,37;
54730;2,37;
54740;2,37;
54750;2,37;
54760;2,37;
54770;2,37;
54780;2,37;
54790;2,36;
54800;2,36;
54810;2,36;
54820;2,36;
54830;2,36;
54840;2,36;
54850;2,36;
54860;2,36;
54870;2,36;
54880;2,36;
54890;2,36;
54900;2,36;
54910;2,36;
54920;2,36;
54930;2,36;
54940;2,36;
54950;2,36;
54960;2,36;
54970;2,36;
54980;2,36;
54990;2,36;
55000;2,36;
55010;2,36;
55020;2,36;
55030;2,36;
55040;2,36;
55050;2,36;
55060;2,36;
55070;2,36;
55080;2,35;
55090;2,35;
55100;2,35;
55110;2,35;
55120;2,35;
55130;2,35;
55140;2,35;
55150;2,35;
55160;2,35;
55170;2,35;
55180;2,35;
55190;2,35;
55200;2,35;
55210;2,35;
55220;2,35;
55230;2,35;
55240;2,35;
55250;2,35;
55260;2,35;
55270;2,35;
55280;2,35;
55290;2,35;
55300;2,35;
55310;2,35;
55320;2,35;
55330;2,35;
55340;2,35;
55350;2,35;
55360;2,35;
55370;2,34;
55380;2,34;
55390;2,34;
55400;2,34;
55410;2,34;
55420;2,34;
55430;2,34;
55440;2,34;
55450;2,34;
55460;2,34;
55470;2,34;
55480;2,34;
55490;2,34;
55500;2,34;
55510;2,34;
55520;2,34;
55530;2,34;
55540;2,34;
55550;2,34;
55560;2,34;
55570;2,34;
55580;2,34;
55590;2,34;
55600;2,34;
55610;2,34;
55620;2,34;
55630;2,34;
55640;2,34;
55650;2,34;
55660;2,33;
55670;2,33;
55680;2,33;
55690;2,33;
55700;2,33;
55710;2,33;
55720;2,33;
55730;2,33;
55740;2,33;
55750;2,33;
55760;2,33;
55770;2,33;
55780;2,33;
55790;2,33;
55800;2,33;
55810;2,33;
55820;2,33;
55830;2,33;
55840;2,33;
55850;2,33;
55860;2,33;
55870;2,33;
55880;2,33;
55890;2,33;
55900;2,33;
55910;2,33;
55920;2,33;
55930;2,33;
55940;2,33;
55950;2,33;
55960;2,32;
55970;2,32;
55980;2,32;
55990;2,32;
56000;2,32;
56010;2,32;
56020;2,32;
56030;2,32;
56040;2,32;
56050;2,32;
56060;2,32;
56070;2,32;
56080;2,32;
56090;2,32;
56100;2,32;
56110;2,32;
56120;2,32;
56130;2,32;
56140;2,32;
56150;2,32;
56160;2,32;
56170;2,32;
56180;2,32;
56190;2,32;
56200;2,32;
56210;2,32;
56220;2,32;
56230;2,32;
56240;2,32;
56250;2,31;
56260;2,31;
56270;2,31;
56280;2,31;
56290;2,31;
56300;2,31;
56310;2,31;
56320;2,31;
56330;2,31;
56340;2,31;
56350;2,31;
56360;2,31;
56370;2,31;
56380;2,31;
56390;2,31;
56400;2,31;
56410;2,31;
56420;2,31;
56430;2,31;
56440;2,31;
56450;2,31;
56460;2,31;
56470;2,31;
56480;2,31;
56490;2,31;
56500;2,31;
56510;2,31;
56520;2,31;
56530;2,31;
56540;2,31;
56550;2,31;
56560;2,30;
56570;2,30;
56580;2,30;
56590;2,30;
56600;2,30;
56610;2,30;
56620;2,30;
56630;2,30;
56640;2,30;
56650;2,30;
56660;2,30;
56670;2,30;
56680;2,30;
56690;2,30;
56700;2,30;
56710;2,30;
56720;2,30;
56730;2,30;
56740;2,30;
56750;2,30;
56760;2,30;
56770;2,30;
56780;2,30;
56790;2,30;
56800;2,30;
56810;2,30;
56820;2,30;
56830;2,30;
56840;2,30;
56850;2,30;
56860;2,29;
56870;2,29;
56880;2,29;
56890;2,29;
56900;2,29;
56910;2,29;
56920;2,29;
56930;2,29;
56940;2,29;
56950;2,29;
56960;2,29;
56970;2,29;
56980;2,29;
56990;2,29;
57000;2,29;
57010;2,29;
57020;2,29;
57030;2,29;
57040;2,29;
57050;2,29;
57060;2,29;
57070;2,29;
57080;2,29;
57090;2,29;
57100;2,29;
57110;2,29;
57120;2,29;
57130;2,29;
57140;2,29;
57150;2,29;
57160;2,29;
57170;2,28;
57180;2,28;
57190;2,28;
57200;2,28;
57210;2,28;
57220;2,28;
57230;2,28;
57240;2,28;
57250;2,28;
57260;2,28;
57270;2,28;
57280;2,28;
57290;2,28;
57300;2,28;
57310;2,28;
57320;2,28;
57330;2,28;
57340;2,28;
57350;2,28;
57360;2,28;
57370;2,28;
57380;2,28;
57390;2,28;
57400;2,28;
57410;2,28;
57420;2,28;
57430;2,28;
57440;2,28;
57450;2,28;
57460;2,28;
57470;2,27;
57480;2,27;
57490;2,27;
57500;2,27;
57510;2,27;
57520;2,27;
57530;2,27;
57540;2,27;
57550;2,27;
57560;2,27;
57570;2,27;
57580;2,27;
57590;2,27;
57600;2,27;
57610;2,27;
57620;2,27;
57630;2,27;
57640;2,27;
57650;2,27;
57660;2,27;
57670;2,27;
57680;2,27;
57690;2,27;
57700;2,27;
57710;2,27;
57720;2,27;
57730;2,27;
57740;2,27;
57750;2,27;
57760;2,27;
57770;2,27;
57780;2,27;
57790;2,26;
57800;2,26;
57810;2,26;
57820;2,26;
57830;2,26;
57840;2,26;
57850;2,26;
57860;2,26;
57870;2,26;
57880;2,26;
57890;2,26;
57900;2,26;
57910;2,26;
57920;2,26;
57930;2,26;
57940;2,26;
57950;2,26;
57960;2,26;
57970;2,26;
57980;2,26;
57990;2,26;
58000;2,26;
58010;2,26;
58020;2,26;
58030;2,26;
58040;2,26;
58050;2,26;
58060;2,26;
58070;2,26;
58080;2,26;
58090;2,26;
58100;2,25;
58110;2,25;
58120;2,25;
58130;2,25;
58140;2,25;
58150;2,25;
58160;2,25;
58170;2,25;
58180;2,25;
58190;2,25;
58200;2,25;
58210;2,25;
58220;2,25;
58230;2,25;
58240;2,25;
58250;2,25;
58260;2,25;
58270;2,25;
58280;2,25;
58290;2,25;
58300;2,25;
58310;2,25;
58320;2,25;
58330;2,25;
58340;2,25;
58350;2,25;
58360;2,25;
58370;2,25;
58380;2,25;
58390;2,25;
58400;2,25;
58410;2,25;
58420;2,24;
58430;2,24;
58440;2,24;
58450;2,24;
58460;2,24;
58470;2,24;
58480;2,24;
58490;2,24;
58500;2,24;
58510;2,24;
58520;2,24;
58530;2,24;
58540;2,24;
58550;2,24;
58560;2,24;
58570;2,24;
58580;2,24;
58590;2,24;
58600;2,24;
58610;2,24;
58620;2,24;
58630;2,24;
58640;2,24;
58650;2,24;
58660;2,24;
58670;2,24;
58680;2,24;
58690;2,24;
58700;2,24;
58710;2,24;
58720;2,24;
58730;2,24;
58740;2,23;
58750;2,23;
58760;2,23;
58770;2,23;
58780;2,23;
58790;2,23;
58800;2,23;
58810;2,23;
58820;2,23;
58830;2,23;
58840;2,23;
58850;2,23;
58860;2,23;
58870;2,23;
58880;2,23;
58890;2,23;
58900;2,23;
58910;2,23;
58920;2,23;
58930;2,23;
58940;2,23;
58950;2,23;
58960;2,23;
58970;2,23;
58980;2,23;
58990;2,23;
59000;2,23;
59010;2,23;
59020;2,23;
59030;2,23;
59040;2,23;
59050;2,23;
59060;2,22;
59070;2,22;
59080;2,22;
59090;2,22;
59100;2,22;
59110;2,22;
59120;2,22;
59130;2,22;
59140;2,22;
59150;2,22;
59160;2,22;
59170;2,22;
59180;2,22;
59190;2,22;
59200;2,22;
59210;2,22;
59220;2,22;
59230;2,22;
59240;2,22;
59250;2,22;
59260;2,22;
59270;2,22;
59280;2,22;
59290;2,22;
59300;2,22;
59310;2,22;
59320;2,22;
59330;2,22;
59340;2,22;
59350;2,22;
59360;2,22;
59370;2,22;
59380;2,22;
59390;2,21;
59400;2,21;
59410;2,21;
59420;2,21;
59430;2,21;
59440;2,21;
59450;2,21;
59460;2,21;
59470;2,21;
59480;2,21;
59490;2,21;
59500;2,21;
59510;2,21;
59520;2,21;
59530;2,21;
59540;2,21;
59550;2,21;
59560;2,21;
59570;2,21;
59580;2,21;
59590;2,21;
59600;2,21;
59610;2,21;
59620;2,21;
59630;2,21;
59640;2,21;
59650;2,21;
59660;2,21;
59670;2,21;
59680;2,21;
59690;2,21;
59700;2,21;
59710;2,21;
59720;2,20;
59730;2,20;
59740;2,20;
59750;2,20;
59760;2,20;
59770;2,20;
59780;2,20;
59790;2,20;
59800;2,20;
59810;2,20;
59820;2,20;
59830;2,20;
59840;2,20;
59850;2,20;
59860;2,20;
59870;2,20;
59880;2,20;
59890;2,20;
59900;2,20;
59910;2,20;
59920;2,20;
59930;2,20;
59940;2,20;
59950;2,20;
59960;2,20;
59970;2,20;
59980;2,20;
59990;2,20;
